target_local_id,target_row_id,target_global_idx,headroom,initial_best,oracle_pool_best,method,step,n_known_hf,best_true_target_rmse,is_stopped,stop_round,stop_reason
0,1,1274341,0.03313378272180888,0.0682648019656678,0.03513101924385892,hf_only,0,50,0.0682648019656678,1,5,reached_oracle_pool_best
0,1,1274341,0.03313378272180888,0.0682648019656678,0.03513101924385892,hf_only,1,55,0.0682648019656678,1,5,reached_oracle_pool_best
0,1,1274341,0.03313378272180888,0.0682648019656678,0.03513101924385892,hf_only,2,60,0.047561693080679854,1,5,reached_oracle_pool_best
0,1,1274341,0.03313378272180888,0.0682648019656678,0.03513101924385892,hf_only,3,65,0.047561693080679854,1,5,reached_oracle_pool_best
0,1,1274341,0.03313378272180888,0.0682648019656678,0.03513101924385892,hf_only,4,70,0.047561693080679854,1,5,reached_oracle_pool_best
0,1,1274341,0.03313378272180888,0.0682648019656678,0.03513101924385892,hf_only,5,75,0.039785819442802656,1,5,reached_oracle_pool_best
0,1,1274341,0.03313378272180888,0.0682648019656678,0.03513101924385892,hf_only,6,80,0.03513101924385892,1,5,reached_oracle_pool_best
0,1,1274341,0.03313378272180888,0.0682648019656678,0.03513101924385892,ar1,0,50,0.0682648019656678,1,1,reached_oracle_pool_best
0,1,1274341,0.03313378272180888,0.0682648019656678,0.03513101924385892,ar1,1,55,0.05044695864318182,1,1,reached_oracle_pool_best
0,1,1274341,0.03313378272180888,0.0682648019656678,0.03513101924385892,ar1,2,60,0.03513101924385892,1,1,reached_oracle_pool_best
0,1,1274341,0.03313378272180888,0.0682648019656678,0.03513101924385892,ours_mean,0,50,0.0682648019656678,1,0,reached_oracle_pool_best
0,1,1274341,0.03313378272180888,0.0682648019656678,0.03513101924385892,ours_mean,1,55,0.03513101924385892,1,0,reached_oracle_pool_best
0,1,1274341,0.03313378272180888,0.0682648019656678,0.03513101924385892,ours_lcb,0,50,0.0682648019656678,1,0,reached_oracle_pool_best
0,1,1274341,0.03313378272180888,0.0682648019656678,0.03513101924385892,ours_lcb,1,55,0.03513101924385892,1,0,reached_oracle_pool_best
0,1,1274341,0.03313378272180888,0.0682648019656678,0.03513101924385892,random,0,50,0.0682648019656678,0,,
0,1,1274341,0.03313378272180888,0.0682648019656678,0.03513101924385892,random,1,55,0.0682648019656678,0,,
0,1,1274341,0.03313378272180888,0.0682648019656678,0.03513101924385892,random,2,60,0.0682648019656678,0,,
0,1,1274341,0.03313378272180888,0.0682648019656678,0.03513101924385892,random,3,65,0.0682648019656678,0,,
0,1,1274341,0.03313378272180888,0.0682648019656678,0.03513101924385892,random,4,70,0.047561693080679854,0,,
0,1,1274341,0.03313378272180888,0.0682648019656678,0.03513101924385892,random,5,75,0.047561693080679854,0,,
0,1,1274341,0.03313378272180888,0.0682648019656678,0.03513101924385892,random,6,80,0.047561693080679854,0,,
0,1,1274341,0.03313378272180888,0.0682648019656678,0.03513101924385892,oracle,0,50,0.0682648019656678,1,0,reached_oracle_pool_best
0,1,1274341,0.03313378272180888,0.0682648019656678,0.03513101924385892,oracle,1,55,0.03513101924385892,1,0,reached_oracle_pool_best
1,2,1159481,0.01638435901865789,0.032197357781572296,0.015812998762914407,hf_only,0,50,0.032197357781572296,1,2,reached_oracle_pool_best
1,2,1159481,0.01638435901865789,0.032197357781572296,0.015812998762914407,hf_only,1,55,0.032197357781572296,1,2,reached_oracle_pool_best
1,2,1159481,0.01638435901865789,0.032197357781572296,0.015812998762914407,hf_only,2,60,0.032197357781572296,1,2,reached_oracle_pool_best
1,2,1159481,0.01638435901865789,0.032197357781572296,0.015812998762914407,hf_only,3,65,0.015812998762914407,1,2,reached_oracle_pool_best
1,2,1159481,0.01638435901865789,0.032197357781572296,0.015812998762914407,ar1,0,50,0.032197357781572296,1,2,reached_oracle_pool_best
1,2,1159481,0.01638435901865789,0.032197357781572296,0.015812998762914407,ar1,1,55,0.032197357781572296,1,2,reached_oracle_pool_best
1,2,1159481,0.01638435901865789,0.032197357781572296,0.015812998762914407,ar1,2,60,0.01594618691764312,1,2,reached_oracle_pool_best
1,2,1159481,0.01638435901865789,0.032197357781572296,0.015812998762914407,ar1,3,65,0.015812998762914407,1,2,reached_oracle_pool_best
1,2,1159481,0.01638435901865789,0.032197357781572296,0.015812998762914407,ours_mean,0,50,0.032197357781572296,1,0,reached_oracle_pool_best
1,2,1159481,0.01638435901865789,0.032197357781572296,0.015812998762914407,ours_mean,1,55,0.015812998762914407,1,0,reached_oracle_pool_best
1,2,1159481,0.01638435901865789,0.032197357781572296,0.015812998762914407,ours_lcb,0,50,0.032197357781572296,1,0,reached_oracle_pool_best
1,2,1159481,0.01638435901865789,0.032197357781572296,0.015812998762914407,ours_lcb,1,55,0.015812998762914407,1,0,reached_oracle_pool_best
1,2,1159481,0.01638435901865789,0.032197357781572296,0.015812998762914407,random,0,50,0.032197357781572296,0,,
1,2,1159481,0.01638435901865789,0.032197357781572296,0.015812998762914407,random,1,55,0.032197357781572296,0,,
1,2,1159481,0.01638435901865789,0.032197357781572296,0.015812998762914407,random,2,60,0.032197357781572296,0,,
1,2,1159481,0.01638435901865789,0.032197357781572296,0.015812998762914407,random,3,65,0.032197357781572296,0,,
1,2,1159481,0.01638435901865789,0.032197357781572296,0.015812998762914407,oracle,0,50,0.032197357781572296,1,0,reached_oracle_pool_best
1,2,1159481,0.01638435901865789,0.032197357781572296,0.015812998762914407,oracle,1,55,0.015812998762914407,1,0,reached_oracle_pool_best
2,3,1816188,0.020813291310316253,0.04799291622585815,0.027179624915541895,hf_only,0,50,0.04799291622585815,1,2,reached_oracle_pool_best
2,3,1816188,0.020813291310316253,0.04799291622585815,0.027179624915541895,hf_only,1,55,0.04799291622585815,1,2,reached_oracle_pool_best
2,3,1816188,0.020813291310316253,0.04799291622585815,0.027179624915541895,hf_only,2,60,0.03255202519358302,1,2,reached_oracle_pool_best
2,3,1816188,0.020813291310316253,0.04799291622585815,0.027179624915541895,hf_only,3,65,0.027179624915541895,1,2,reached_oracle_pool_best
2,3,1816188,0.020813291310316253,0.04799291622585815,0.027179624915541895,ar1,0,50,0.04799291622585815,1,1,reached_oracle_pool_best
2,3,1816188,0.020813291310316253,0.04799291622585815,0.027179624915541895,ar1,1,55,0.03255202519358302,1,1,reached_oracle_pool_best
2,3,1816188,0.020813291310316253,0.04799291622585815,0.027179624915541895,ar1,2,60,0.027179624915541895,1,1,reached_oracle_pool_best
2,3,1816188,0.020813291310316253,0.04799291622585815,0.027179624915541895,ours_mean,0,50,0.04799291622585815,1,0,reached_oracle_pool_best
2,3,1816188,0.020813291310316253,0.04799291622585815,0.027179624915541895,ours_mean,1,55,0.027179624915541895,1,0,reached_oracle_pool_best
2,3,1816188,0.020813291310316253,0.04799291622585815,0.027179624915541895,ours_lcb,0,50,0.04799291622585815,1,0,reached_oracle_pool_best
2,3,1816188,0.020813291310316253,0.04799291622585815,0.027179624915541895,ours_lcb,1,55,0.027179624915541895,1,0,reached_oracle_pool_best
2,3,1816188,0.020813291310316253,0.04799291622585815,0.027179624915541895,random,0,50,0.04799291622585815,0,,
2,3,1816188,0.020813291310316253,0.04799291622585815,0.027179624915541895,random,1,55,0.04799291622585815,0,,
2,3,1816188,0.020813291310316253,0.04799291622585815,0.027179624915541895,random,2,60,0.04799291622585815,0,,
2,3,1816188,0.020813291310316253,0.04799291622585815,0.027179624915541895,random,3,65,0.04799291622585815,0,,
2,3,1816188,0.020813291310316253,0.04799291622585815,0.027179624915541895,oracle,0,50,0.04799291622585815,1,0,reached_oracle_pool_best
2,3,1816188,0.020813291310316253,0.04799291622585815,0.027179624915541895,oracle,1,55,0.027179624915541895,1,0,reached_oracle_pool_best
3,4,150549,0.0156913283412545,0.029850872974352693,0.01415954463309819,hf_only,0,50,0.029850872974352693,1,1,reached_oracle_pool_best
3,4,150549,0.0156913283412545,0.029850872974352693,0.01415954463309819,hf_only,1,55,0.029850872974352693,1,1,reached_oracle_pool_best
3,4,150549,0.0156913283412545,0.029850872974352693,0.01415954463309819,hf_only,2,60,0.01415954463309819,1,1,reached_oracle_pool_best
3,4,150549,0.0156913283412545,0.029850872974352693,0.01415954463309819,ar1,0,50,0.029850872974352693,1,0,reached_oracle_pool_best
3,4,150549,0.0156913283412545,0.029850872974352693,0.01415954463309819,ar1,1,55,0.01415954463309819,1,0,reached_oracle_pool_best
3,4,150549,0.0156913283412545,0.029850872974352693,0.01415954463309819,ours_mean,0,50,0.029850872974352693,1,0,reached_oracle_pool_best
3,4,150549,0.0156913283412545,0.029850872974352693,0.01415954463309819,ours_mean,1,55,0.01415954463309819,1,0,reached_oracle_pool_best
3,4,150549,0.0156913283412545,0.029850872974352693,0.01415954463309819,ours_lcb,0,50,0.029850872974352693,1,0,reached_oracle_pool_best
3,4,150549,0.0156913283412545,0.029850872974352693,0.01415954463309819,ours_lcb,1,55,0.01415954463309819,1,0,reached_oracle_pool_best
3,4,150549,0.0156913283412545,0.029850872974352693,0.01415954463309819,random,0,50,0.029850872974352693,0,,
3,4,150549,0.0156913283412545,0.029850872974352693,0.01415954463309819,random,1,55,0.029850872974352693,0,,
3,4,150549,0.0156913283412545,0.029850872974352693,0.01415954463309819,random,2,60,0.029850872974352693,0,,
3,4,150549,0.0156913283412545,0.029850872974352693,0.01415954463309819,oracle,0,50,0.029850872974352693,1,0,reached_oracle_pool_best
3,4,150549,0.0156913283412545,0.029850872974352693,0.01415954463309819,oracle,1,55,0.01415954463309819,1,0,reached_oracle_pool_best
4,5,1055825,0.0697251588542409,0.08094358550150722,0.01121842664726633,hf_only,0,50,0.08094358550150722,0,,
4,5,1055825,0.0697251588542409,0.08094358550150722,0.01121842664726633,hf_only,1,55,0.056548996466578655,0,,
4,5,1055825,0.0697251588542409,0.08094358550150722,0.01121842664726633,hf_only,2,60,0.027221421543836482,0,,
4,5,1055825,0.0697251588542409,0.08094358550150722,0.01121842664726633,hf_only,3,65,0.02486077785086598,0,,
4,5,1055825,0.0697251588542409,0.08094358550150722,0.01121842664726633,hf_only,4,70,0.020365629006368964,0,,
4,5,1055825,0.0697251588542409,0.08094358550150722,0.01121842664726633,hf_only,5,75,0.020365629006368964,0,,
4,5,1055825,0.0697251588542409,0.08094358550150722,0.01121842664726633,hf_only,6,80,0.020365629006368964,0,,
4,5,1055825,0.0697251588542409,0.08094358550150722,0.01121842664726633,hf_only,7,85,0.020365629006368964,0,,
4,5,1055825,0.0697251588542409,0.08094358550150722,0.01121842664726633,hf_only,8,90,0.020365629006368964,0,,
4,5,1055825,0.0697251588542409,0.08094358550150722,0.01121842664726633,hf_only,9,95,0.020365629006368964,0,,
4,5,1055825,0.0697251588542409,0.08094358550150722,0.01121842664726633,hf_only,10,100,0.020365629006368964,0,,
4,5,1055825,0.0697251588542409,0.08094358550150722,0.01121842664726633,ar1,0,50,0.08094358550150722,1,5,reached_oracle_pool_best
4,5,1055825,0.0697251588542409,0.08094358550150722,0.01121842664726633,ar1,1,55,0.02486077785086598,1,5,reached_oracle_pool_best
4,5,1055825,0.0697251588542409,0.08094358550150722,0.01121842664726633,ar1,2,60,0.020365629006368964,1,5,reached_oracle_pool_best
4,5,1055825,0.0697251588542409,0.08094358550150722,0.01121842664726633,ar1,3,65,0.020365629006368964,1,5,reached_oracle_pool_best
4,5,1055825,0.0697251588542409,0.08094358550150722,0.01121842664726633,ar1,4,70,0.020365629006368964,1,5,reached_oracle_pool_best
4,5,1055825,0.0697251588542409,0.08094358550150722,0.01121842664726633,ar1,5,75,0.020365629006368964,1,5,reached_oracle_pool_best
4,5,1055825,0.0697251588542409,0.08094358550150722,0.01121842664726633,ar1,6,80,0.01121842664726633,1,5,reached_oracle_pool_best
4,5,1055825,0.0697251588542409,0.08094358550150722,0.01121842664726633,ours_mean,0,50,0.08094358550150722,1,0,reached_oracle_pool_best
4,5,1055825,0.0697251588542409,0.08094358550150722,0.01121842664726633,ours_mean,1,55,0.01121842664726633,1,0,reached_oracle_pool_best
4,5,1055825,0.0697251588542409,0.08094358550150722,0.01121842664726633,ours_lcb,0,50,0.08094358550150722,1,0,reached_oracle_pool_best
4,5,1055825,0.0697251588542409,0.08094358550150722,0.01121842664726633,ours_lcb,1,55,0.01121842664726633,1,0,reached_oracle_pool_best
4,5,1055825,0.0697251588542409,0.08094358550150722,0.01121842664726633,random,0,50,0.08094358550150722,0,,
4,5,1055825,0.0697251588542409,0.08094358550150722,0.01121842664726633,random,1,55,0.08094358550150722,0,,
4,5,1055825,0.0697251588542409,0.08094358550150722,0.01121842664726633,random,2,60,0.08094358550150722,0,,
4,5,1055825,0.0697251588542409,0.08094358550150722,0.01121842664726633,random,3,65,0.0761537886616738,0,,
4,5,1055825,0.0697251588542409,0.08094358550150722,0.01121842664726633,random,4,70,0.0761537886616738,0,,
4,5,1055825,0.0697251588542409,0.08094358550150722,0.01121842664726633,random,5,75,0.0761537886616738,0,,
4,5,1055825,0.0697251588542409,0.08094358550150722,0.01121842664726633,random,6,80,0.0761537886616738,0,,
4,5,1055825,0.0697251588542409,0.08094358550150722,0.01121842664726633,random,7,85,0.0761537886616738,0,,
4,5,1055825,0.0697251588542409,0.08094358550150722,0.01121842664726633,random,8,90,0.06671496004570772,0,,
4,5,1055825,0.0697251588542409,0.08094358550150722,0.01121842664726633,random,9,95,0.06671496004570772,0,,
4,5,1055825,0.0697251588542409,0.08094358550150722,0.01121842664726633,random,10,100,0.06671496004570772,0,,
4,5,1055825,0.0697251588542409,0.08094358550150722,0.01121842664726633,oracle,0,50,0.08094358550150722,1,0,reached_oracle_pool_best
4,5,1055825,0.0697251588542409,0.08094358550150722,0.01121842664726633,oracle,1,55,0.01121842664726633,1,0,reached_oracle_pool_best
5,6,1230730,0.029922677477676275,0.042655664868769316,0.012732987391093041,hf_only,0,50,0.042655664868769316,1,2,reached_oracle_pool_best
5,6,1230730,0.029922677477676275,0.042655664868769316,0.012732987391093041,hf_only,1,55,0.033501792415429436,1,2,reached_oracle_pool_best
5,6,1230730,0.029922677477676275,0.042655664868769316,0.012732987391093041,hf_only,2,60,0.033501792415429436,1,2,reached_oracle_pool_best
5,6,1230730,0.029922677477676275,0.042655664868769316,0.012732987391093041,hf_only,3,65,0.012732987391093041,1,2,reached_oracle_pool_best
5,6,1230730,0.029922677477676275,0.042655664868769316,0.012732987391093041,ar1,0,50,0.042655664868769316,1,0,reached_oracle_pool_best
5,6,1230730,0.029922677477676275,0.042655664868769316,0.012732987391093041,ar1,1,55,0.012732987391093041,1,0,reached_oracle_pool_best
5,6,1230730,0.029922677477676275,0.042655664868769316,0.012732987391093041,ours_mean,0,50,0.042655664868769316,1,0,reached_oracle_pool_best
5,6,1230730,0.029922677477676275,0.042655664868769316,0.012732987391093041,ours_mean,1,55,0.012732987391093041,1,0,reached_oracle_pool_best
5,6,1230730,0.029922677477676275,0.042655664868769316,0.012732987391093041,ours_lcb,0,50,0.042655664868769316,1,1,reached_oracle_pool_best
5,6,1230730,0.029922677477676275,0.042655664868769316,0.012732987391093041,ours_lcb,1,55,0.033501792415429436,1,1,reached_oracle_pool_best
5,6,1230730,0.029922677477676275,0.042655664868769316,0.012732987391093041,ours_lcb,2,60,0.012732987391093041,1,1,reached_oracle_pool_best
5,6,1230730,0.029922677477676275,0.042655664868769316,0.012732987391093041,random,0,50,0.042655664868769316,0,,
5,6,1230730,0.029922677477676275,0.042655664868769316,0.012732987391093041,random,1,55,0.042655664868769316,0,,
5,6,1230730,0.029922677477676275,0.042655664868769316,0.012732987391093041,random,2,60,0.042655664868769316,0,,
5,6,1230730,0.029922677477676275,0.042655664868769316,0.012732987391093041,random,3,65,0.042655664868769316,0,,
5,6,1230730,0.029922677477676275,0.042655664868769316,0.012732987391093041,oracle,0,50,0.042655664868769316,1,0,reached_oracle_pool_best
5,6,1230730,0.029922677477676275,0.042655664868769316,0.012732987391093041,oracle,1,55,0.012732987391093041,1,0,reached_oracle_pool_best
6,8,1304076,0.01152935316924102,0.019209998172600436,0.007680645003359417,hf_only,0,50,0.019209998172600436,1,2,reached_oracle_pool_best
6,8,1304076,0.01152935316924102,0.019209998172600436,0.007680645003359417,hf_only,1,55,0.017662841413107744,1,2,reached_oracle_pool_best
6,8,1304076,0.01152935316924102,0.019209998172600436,0.007680645003359417,hf_only,2,60,0.017662841413107744,1,2,reached_oracle_pool_best
6,8,1304076,0.01152935316924102,0.019209998172600436,0.007680645003359417,hf_only,3,65,0.007680645003359417,1,2,reached_oracle_pool_best
6,8,1304076,0.01152935316924102,0.019209998172600436,0.007680645003359417,ar1,0,50,0.019209998172600436,1,0,reached_oracle_pool_best
6,8,1304076,0.01152935316924102,0.019209998172600436,0.007680645003359417,ar1,1,55,0.007680645003359417,1,0,reached_oracle_pool_best
6,8,1304076,0.01152935316924102,0.019209998172600436,0.007680645003359417,ours_mean,0,50,0.019209998172600436,1,0,reached_oracle_pool_best
6,8,1304076,0.01152935316924102,0.019209998172600436,0.007680645003359417,ours_mean,1,55,0.007680645003359417,1,0,reached_oracle_pool_best
6,8,1304076,0.01152935316924102,0.019209998172600436,0.007680645003359417,ours_lcb,0,50,0.019209998172600436,1,0,reached_oracle_pool_best
6,8,1304076,0.01152935316924102,0.019209998172600436,0.007680645003359417,ours_lcb,1,55,0.007680645003359417,1,0,reached_oracle_pool_best
6,8,1304076,0.01152935316924102,0.019209998172600436,0.007680645003359417,random,0,50,0.019209998172600436,0,,
6,8,1304076,0.01152935316924102,0.019209998172600436,0.007680645003359417,random,1,55,0.019209998172600436,0,,
6,8,1304076,0.01152935316924102,0.019209998172600436,0.007680645003359417,random,2,60,0.019209998172600436,0,,
6,8,1304076,0.01152935316924102,0.019209998172600436,0.007680645003359417,random,3,65,0.019209998172600436,0,,
6,8,1304076,0.01152935316924102,0.019209998172600436,0.007680645003359417,oracle,0,50,0.019209998172600436,1,0,reached_oracle_pool_best
6,8,1304076,0.01152935316924102,0.019209998172600436,0.007680645003359417,oracle,1,55,0.007680645003359417,1,0,reached_oracle_pool_best
7,9,1132985,0.018965280721877097,0.030092935869832447,0.01112765514795535,hf_only,0,50,0.030092935869832447,1,1,reached_oracle_pool_best
7,9,1132985,0.018965280721877097,0.030092935869832447,0.01112765514795535,hf_only,1,55,0.014562354817332982,1,1,reached_oracle_pool_best
7,9,1132985,0.018965280721877097,0.030092935869832447,0.01112765514795535,hf_only,2,60,0.01112765514795535,1,1,reached_oracle_pool_best
7,9,1132985,0.018965280721877097,0.030092935869832447,0.01112765514795535,ar1,0,50,0.030092935869832447,1,0,reached_oracle_pool_best
7,9,1132985,0.018965280721877097,0.030092935869832447,0.01112765514795535,ar1,1,55,0.01112765514795535,1,0,reached_oracle_pool_best
7,9,1132985,0.018965280721877097,0.030092935869832447,0.01112765514795535,ours_mean,0,50,0.030092935869832447,1,0,reached_oracle_pool_best
7,9,1132985,0.018965280721877097,0.030092935869832447,0.01112765514795535,ours_mean,1,55,0.01112765514795535,1,0,reached_oracle_pool_best
7,9,1132985,0.018965280721877097,0.030092935869832447,0.01112765514795535,ours_lcb,0,50,0.030092935869832447,1,0,reached_oracle_pool_best
7,9,1132985,0.018965280721877097,0.030092935869832447,0.01112765514795535,ours_lcb,1,55,0.01112765514795535,1,0,reached_oracle_pool_best
7,9,1132985,0.018965280721877097,0.030092935869832447,0.01112765514795535,random,0,50,0.030092935869832447,0,,
7,9,1132985,0.018965280721877097,0.030092935869832447,0.01112765514795535,random,1,55,0.030092935869832447,0,,
7,9,1132985,0.018965280721877097,0.030092935869832447,0.01112765514795535,random,2,60,0.030092935869832447,0,,
7,9,1132985,0.018965280721877097,0.030092935869832447,0.01112765514795535,oracle,0,50,0.030092935869832447,1,0,reached_oracle_pool_best
7,9,1132985,0.018965280721877097,0.030092935869832447,0.01112765514795535,oracle,1,55,0.01112765514795535,1,0,reached_oracle_pool_best
8,12,1117393,0.03890745478328955,0.05671893210348089,0.017811477320191338,hf_only,0,50,0.05671893210348089,1,1,reached_oracle_pool_best
8,12,1117393,0.03890745478328955,0.05671893210348089,0.017811477320191338,hf_only,1,55,0.04016893018514902,1,1,reached_oracle_pool_best
8,12,1117393,0.03890745478328955,0.05671893210348089,0.017811477320191338,hf_only,2,60,0.017811477320191338,1,1,reached_oracle_pool_best
8,12,1117393,0.03890745478328955,0.05671893210348089,0.017811477320191338,ar1,0,50,0.05671893210348089,1,0,reached_oracle_pool_best
8,12,1117393,0.03890745478328955,0.05671893210348089,0.017811477320191338,ar1,1,55,0.017811477320191338,1,0,reached_oracle_pool_best
8,12,1117393,0.03890745478328955,0.05671893210348089,0.017811477320191338,ours_mean,0,50,0.05671893210348089,1,0,reached_oracle_pool_best
8,12,1117393,0.03890745478328955,0.05671893210348089,0.017811477320191338,ours_mean,1,55,0.017811477320191338,1,0,reached_oracle_pool_best
8,12,1117393,0.03890745478328955,0.05671893210348089,0.017811477320191338,ours_lcb,0,50,0.05671893210348089,1,0,reached_oracle_pool_best
8,12,1117393,0.03890745478328955,0.05671893210348089,0.017811477320191338,ours_lcb,1,55,0.017811477320191338,1,0,reached_oracle_pool_best
8,12,1117393,0.03890745478328955,0.05671893210348089,0.017811477320191338,random,0,50,0.05671893210348089,0,,
8,12,1117393,0.03890745478328955,0.05671893210348089,0.017811477320191338,random,1,55,0.05671893210348089,0,,
8,12,1117393,0.03890745478328955,0.05671893210348089,0.017811477320191338,random,2,60,0.05671893210348089,0,,
8,12,1117393,0.03890745478328955,0.05671893210348089,0.017811477320191338,oracle,0,50,0.05671893210348089,1,0,reached_oracle_pool_best
8,12,1117393,0.03890745478328955,0.05671893210348089,0.017811477320191338,oracle,1,55,0.017811477320191338,1,0,reached_oracle_pool_best
9,13,1791408,0.030575334287110182,0.04306597075834305,0.012490636471232868,hf_only,0,50,0.04306597075834305,1,8,reached_oracle_pool_best
9,13,1791408,0.030575334287110182,0.04306597075834305,0.012490636471232868,hf_only,1,55,0.041083215513934526,1,8,reached_oracle_pool_best
9,13,1791408,0.030575334287110182,0.04306597075834305,0.012490636471232868,hf_only,2,60,0.03271187303727417,1,8,reached_oracle_pool_best
9,13,1791408,0.030575334287110182,0.04306597075834305,0.012490636471232868,hf_only,3,65,0.03271187303727417,1,8,reached_oracle_pool_best
9,13,1791408,0.030575334287110182,0.04306597075834305,0.012490636471232868,hf_only,4,70,0.03271187303727417,1,8,reached_oracle_pool_best
9,13,1791408,0.030575334287110182,0.04306597075834305,0.012490636471232868,hf_only,5,75,0.03269954757062807,1,8,reached_oracle_pool_best
9,13,1791408,0.030575334287110182,0.04306597075834305,0.012490636471232868,hf_only,6,80,0.03269954757062807,1,8,reached_oracle_pool_best
9,13,1791408,0.030575334287110182,0.04306597075834305,0.012490636471232868,hf_only,7,85,0.03269954757062807,1,8,reached_oracle_pool_best
9,13,1791408,0.030575334287110182,0.04306597075834305,0.012490636471232868,hf_only,8,90,0.03269954757062807,1,8,reached_oracle_pool_best
9,13,1791408,0.030575334287110182,0.04306597075834305,0.012490636471232868,hf_only,9,95,0.012490636471232868,1,8,reached_oracle_pool_best
9,13,1791408,0.030575334287110182,0.04306597075834305,0.012490636471232868,ar1,0,50,0.04306597075834305,1,0,reached_oracle_pool_best
9,13,1791408,0.030575334287110182,0.04306597075834305,0.012490636471232868,ar1,1,55,0.012490636471232868,1,0,reached_oracle_pool_best
9,13,1791408,0.030575334287110182,0.04306597075834305,0.012490636471232868,ours_mean,0,50,0.04306597075834305,1,0,reached_oracle_pool_best
9,13,1791408,0.030575334287110182,0.04306597075834305,0.012490636471232868,ours_mean,1,55,0.012490636471232868,1,0,reached_oracle_pool_best
9,13,1791408,0.030575334287110182,0.04306597075834305,0.012490636471232868,ours_lcb,0,50,0.04306597075834305,1,0,reached_oracle_pool_best
9,13,1791408,0.030575334287110182,0.04306597075834305,0.012490636471232868,ours_lcb,1,55,0.012490636471232868,1,0,reached_oracle_pool_best
9,13,1791408,0.030575334287110182,0.04306597075834305,0.012490636471232868,random,0,50,0.04306597075834305,1,5,reached_oracle_pool_best
9,13,1791408,0.030575334287110182,0.04306597075834305,0.012490636471232868,random,1,55,0.04306597075834305,1,5,reached_oracle_pool_best
9,13,1791408,0.030575334287110182,0.04306597075834305,0.012490636471232868,random,2,60,0.04306597075834305,1,5,reached_oracle_pool_best
9,13,1791408,0.030575334287110182,0.04306597075834305,0.012490636471232868,random,3,65,0.04306597075834305,1,5,reached_oracle_pool_best
9,13,1791408,0.030575334287110182,0.04306597075834305,0.012490636471232868,random,4,70,0.04306597075834305,1,5,reached_oracle_pool_best
9,13,1791408,0.030575334287110182,0.04306597075834305,0.012490636471232868,random,5,75,0.04306597075834305,1,5,reached_oracle_pool_best
9,13,1791408,0.030575334287110182,0.04306597075834305,0.012490636471232868,random,6,80,0.012490636471232868,1,5,reached_oracle_pool_best
9,13,1791408,0.030575334287110182,0.04306597075834305,0.012490636471232868,oracle,0,50,0.04306597075834305,1,0,reached_oracle_pool_best
9,13,1791408,0.030575334287110182,0.04306597075834305,0.012490636471232868,oracle,1,55,0.012490636471232868,1,0,reached_oracle_pool_best
10,14,70262,0.019028717245642722,0.0309068908102912,0.011878173564648481,hf_only,0,50,0.0309068908102912,0,,
10,14,70262,0.019028717245642722,0.0309068908102912,0.011878173564648481,hf_only,1,55,0.02786846777500892,0,,
10,14,70262,0.019028717245642722,0.0309068908102912,0.011878173564648481,hf_only,2,60,0.02786846777500892,0,,
10,14,70262,0.019028717245642722,0.0309068908102912,0.011878173564648481,hf_only,3,65,0.02786846777500892,0,,
10,14,70262,0.019028717245642722,0.0309068908102912,0.011878173564648481,hf_only,4,70,0.02714172573241038,0,,
10,14,70262,0.019028717245642722,0.0309068908102912,0.011878173564648481,hf_only,5,75,0.02714172573241038,0,,
10,14,70262,0.019028717245642722,0.0309068908102912,0.011878173564648481,hf_only,6,80,0.02714172573241038,0,,
10,14,70262,0.019028717245642722,0.0309068908102912,0.011878173564648481,hf_only,7,85,0.02714172573241038,0,,
10,14,70262,0.019028717245642722,0.0309068908102912,0.011878173564648481,hf_only,8,90,0.016491800426741875,0,,
10,14,70262,0.019028717245642722,0.0309068908102912,0.011878173564648481,hf_only,9,95,0.016491800426741875,0,,
10,14,70262,0.019028717245642722,0.0309068908102912,0.011878173564648481,hf_only,10,100,0.016491800426741875,0,,
10,14,70262,0.019028717245642722,0.0309068908102912,0.011878173564648481,ar1,0,50,0.0309068908102912,1,3,reached_oracle_pool_best
10,14,70262,0.019028717245642722,0.0309068908102912,0.011878173564648481,ar1,1,55,0.018887688887326948,1,3,reached_oracle_pool_best
10,14,70262,0.019028717245642722,0.0309068908102912,0.011878173564648481,ar1,2,60,0.018887688887326948,1,3,reached_oracle_pool_best
10,14,70262,0.019028717245642722,0.0309068908102912,0.011878173564648481,ar1,3,65,0.016491800426741875,1,3,reached_oracle_pool_best
10,14,70262,0.019028717245642722,0.0309068908102912,0.011878173564648481,ar1,4,70,0.011878173564648481,1,3,reached_oracle_pool_best
10,14,70262,0.019028717245642722,0.0309068908102912,0.011878173564648481,ours_mean,0,50,0.0309068908102912,1,1,reached_oracle_pool_best
10,14,70262,0.019028717245642722,0.0309068908102912,0.011878173564648481,ours_mean,1,55,0.018887688887326948,1,1,reached_oracle_pool_best
10,14,70262,0.019028717245642722,0.0309068908102912,0.011878173564648481,ours_mean,2,60,0.011878173564648481,1,1,reached_oracle_pool_best
10,14,70262,0.019028717245642722,0.0309068908102912,0.011878173564648481,ours_lcb,0,50,0.0309068908102912,1,1,reached_oracle_pool_best
10,14,70262,0.019028717245642722,0.0309068908102912,0.011878173564648481,ours_lcb,1,55,0.01839909543019117,1,1,reached_oracle_pool_best
10,14,70262,0.019028717245642722,0.0309068908102912,0.011878173564648481,ours_lcb,2,60,0.011878173564648481,1,1,reached_oracle_pool_best
10,14,70262,0.019028717245642722,0.0309068908102912,0.011878173564648481,random,0,50,0.0309068908102912,0,,
10,14,70262,0.019028717245642722,0.0309068908102912,0.011878173564648481,random,1,55,0.02961695002256629,0,,
10,14,70262,0.019028717245642722,0.0309068908102912,0.011878173564648481,random,2,60,0.02961695002256629,0,,
10,14,70262,0.019028717245642722,0.0309068908102912,0.011878173564648481,random,3,65,0.027270557032937418,0,,
10,14,70262,0.019028717245642722,0.0309068908102912,0.011878173564648481,random,4,70,0.027270557032937418,0,,
10,14,70262,0.019028717245642722,0.0309068908102912,0.011878173564648481,random,5,75,0.027270557032937418,0,,
10,14,70262,0.019028717245642722,0.0309068908102912,0.011878173564648481,random,6,80,0.027270557032937418,0,,
10,14,70262,0.019028717245642722,0.0309068908102912,0.011878173564648481,random,7,85,0.02094436226527304,0,,
10,14,70262,0.019028717245642722,0.0309068908102912,0.011878173564648481,random,8,90,0.02094436226527304,0,,
10,14,70262,0.019028717245642722,0.0309068908102912,0.011878173564648481,random,9,95,0.02094436226527304,0,,
10,14,70262,0.019028717245642722,0.0309068908102912,0.011878173564648481,random,10,100,0.02094436226527304,0,,
10,14,70262,0.019028717245642722,0.0309068908102912,0.011878173564648481,oracle,0,50,0.0309068908102912,1,0,reached_oracle_pool_best
10,14,70262,0.019028717245642722,0.0309068908102912,0.011878173564648481,oracle,1,55,0.011878173564648481,1,0,reached_oracle_pool_best
11,15,232204,0.020618311134226533,0.03496326079387437,0.014344949659647837,hf_only,0,50,0.03496326079387437,1,0,reached_oracle_pool_best
11,15,232204,0.020618311134226533,0.03496326079387437,0.014344949659647837,hf_only,1,55,0.014344949659647837,1,0,reached_oracle_pool_best
11,15,232204,0.020618311134226533,0.03496326079387437,0.014344949659647837,ar1,0,50,0.03496326079387437,1,0,reached_oracle_pool_best
11,15,232204,0.020618311134226533,0.03496326079387437,0.014344949659647837,ar1,1,55,0.014344949659647837,1,0,reached_oracle_pool_best
11,15,232204,0.020618311134226533,0.03496326079387437,0.014344949659647837,ours_mean,0,50,0.03496326079387437,1,0,reached_oracle_pool_best
11,15,232204,0.020618311134226533,0.03496326079387437,0.014344949659647837,ours_mean,1,55,0.014344949659647837,1,0,reached_oracle_pool_best
11,15,232204,0.020618311134226533,0.03496326079387437,0.014344949659647837,ours_lcb,0,50,0.03496326079387437,1,0,reached_oracle_pool_best
11,15,232204,0.020618311134226533,0.03496326079387437,0.014344949659647837,ours_lcb,1,55,0.014344949659647837,1,0,reached_oracle_pool_best
11,15,232204,0.020618311134226533,0.03496326079387437,0.014344949659647837,random,0,50,0.03496326079387437,0,,
11,15,232204,0.020618311134226533,0.03496326079387437,0.014344949659647837,random,1,55,0.03496326079387437,0,,
11,15,232204,0.020618311134226533,0.03496326079387437,0.014344949659647837,oracle,0,50,0.03496326079387437,1,0,reached_oracle_pool_best
11,15,232204,0.020618311134226533,0.03496326079387437,0.014344949659647837,oracle,1,55,0.014344949659647837,1,0,reached_oracle_pool_best
12,16,1624999,0.022997579873127682,0.035739244654901844,0.012741664781774163,hf_only,0,50,0.035739244654901844,1,3,reached_oracle_pool_best
12,16,1624999,0.022997579873127682,0.035739244654901844,0.012741664781774163,hf_only,1,55,0.027437050638780974,1,3,reached_oracle_pool_best
12,16,1624999,0.022997579873127682,0.035739244654901844,0.012741664781774163,hf_only,2,60,0.027437050638780974,1,3,reached_oracle_pool_best
12,16,1624999,0.022997579873127682,0.035739244654901844,0.012741664781774163,hf_only,3,65,0.016309471959917474,1,3,reached_oracle_pool_best
12,16,1624999,0.022997579873127682,0.035739244654901844,0.012741664781774163,hf_only,4,70,0.012741664781774163,1,3,reached_oracle_pool_best
12,16,1624999,0.022997579873127682,0.035739244654901844,0.012741664781774163,ar1,0,50,0.035739244654901844,1,1,reached_oracle_pool_best
12,16,1624999,0.022997579873127682,0.035739244654901844,0.012741664781774163,ar1,1,55,0.016309471959917474,1,1,reached_oracle_pool_best
12,16,1624999,0.022997579873127682,0.035739244654901844,0.012741664781774163,ar1,2,60,0.012741664781774163,1,1,reached_oracle_pool_best
12,16,1624999,0.022997579873127682,0.035739244654901844,0.012741664781774163,ours_mean,0,50,0.035739244654901844,1,0,reached_oracle_pool_best
12,16,1624999,0.022997579873127682,0.035739244654901844,0.012741664781774163,ours_mean,1,55,0.012741664781774163,1,0,reached_oracle_pool_best
12,16,1624999,0.022997579873127682,0.035739244654901844,0.012741664781774163,ours_lcb,0,50,0.035739244654901844,1,0,reached_oracle_pool_best
12,16,1624999,0.022997579873127682,0.035739244654901844,0.012741664781774163,ours_lcb,1,55,0.012741664781774163,1,0,reached_oracle_pool_best
12,16,1624999,0.022997579873127682,0.035739244654901844,0.012741664781774163,random,0,50,0.035739244654901844,0,,
12,16,1624999,0.022997579873127682,0.035739244654901844,0.012741664781774163,random,1,55,0.035739244654901844,0,,
12,16,1624999,0.022997579873127682,0.035739244654901844,0.012741664781774163,random,2,60,0.035739244654901844,0,,
12,16,1624999,0.022997579873127682,0.035739244654901844,0.012741664781774163,random,3,65,0.035739244654901844,0,,
12,16,1624999,0.022997579873127682,0.035739244654901844,0.012741664781774163,random,4,70,0.035739244654901844,0,,
12,16,1624999,0.022997579873127682,0.035739244654901844,0.012741664781774163,oracle,0,50,0.035739244654901844,1,0,reached_oracle_pool_best
12,16,1624999,0.022997579873127682,0.035739244654901844,0.012741664781774163,oracle,1,55,0.012741664781774163,1,0,reached_oracle_pool_best
13,17,1618554,0.014021046709112955,0.04511894835947169,0.031097901650358733,hf_only,0,50,0.04511894835947169,0,,
13,17,1618554,0.014021046709112955,0.04511894835947169,0.031097901650358733,hf_only,1,55,0.04511894835947169,0,,
13,17,1618554,0.014021046709112955,0.04511894835947169,0.031097901650358733,hf_only,2,60,0.04511894835947169,0,,
13,17,1618554,0.014021046709112955,0.04511894835947169,0.031097901650358733,hf_only,3,65,0.03842903829033725,0,,
13,17,1618554,0.014021046709112955,0.04511894835947169,0.031097901650358733,hf_only,4,70,0.03842903829033725,0,,
13,17,1618554,0.014021046709112955,0.04511894835947169,0.031097901650358733,hf_only,5,75,0.03809996907857241,0,,
13,17,1618554,0.014021046709112955,0.04511894835947169,0.031097901650358733,hf_only,6,80,0.03809996907857241,0,,
13,17,1618554,0.014021046709112955,0.04511894835947169,0.031097901650358733,hf_only,7,85,0.03809996907857241,0,,
13,17,1618554,0.014021046709112955,0.04511894835947169,0.031097901650358733,hf_only,8,90,0.03809996907857241,0,,
13,17,1618554,0.014021046709112955,0.04511894835947169,0.031097901650358733,hf_only,9,95,0.03809996907857241,0,,
13,17,1618554,0.014021046709112955,0.04511894835947169,0.031097901650358733,hf_only,10,100,0.03809996907857241,0,,
13,17,1618554,0.014021046709112955,0.04511894835947169,0.031097901650358733,ar1,0,50,0.04511894835947169,1,4,reached_oracle_pool_best
13,17,1618554,0.014021046709112955,0.04511894835947169,0.031097901650358733,ar1,1,55,0.04285731929610487,1,4,reached_oracle_pool_best
13,17,1618554,0.014021046709112955,0.04511894835947169,0.031097901650358733,ar1,2,60,0.03809996907857241,1,4,reached_oracle_pool_best
13,17,1618554,0.014021046709112955,0.04511894835947169,0.031097901650358733,ar1,3,65,0.03809996907857241,1,4,reached_oracle_pool_best
13,17,1618554,0.014021046709112955,0.04511894835947169,0.031097901650358733,ar1,4,70,0.03809996907857241,1,4,reached_oracle_pool_best
13,17,1618554,0.014021046709112955,0.04511894835947169,0.031097901650358733,ar1,5,75,0.031097901650358733,1,4,reached_oracle_pool_best
13,17,1618554,0.014021046709112955,0.04511894835947169,0.031097901650358733,ours_mean,0,50,0.04511894835947169,1,2,reached_oracle_pool_best
13,17,1618554,0.014021046709112955,0.04511894835947169,0.031097901650358733,ours_mean,1,55,0.04285731929610487,1,2,reached_oracle_pool_best
13,17,1618554,0.014021046709112955,0.04511894835947169,0.031097901650358733,ours_mean,2,60,0.04285731929610487,1,2,reached_oracle_pool_best
13,17,1618554,0.014021046709112955,0.04511894835947169,0.031097901650358733,ours_mean,3,65,0.031097901650358733,1,2,reached_oracle_pool_best
13,17,1618554,0.014021046709112955,0.04511894835947169,0.031097901650358733,ours_lcb,0,50,0.04511894835947169,1,0,reached_oracle_pool_best
13,17,1618554,0.014021046709112955,0.04511894835947169,0.031097901650358733,ours_lcb,1,55,0.031097901650358733,1,0,reached_oracle_pool_best
13,17,1618554,0.014021046709112955,0.04511894835947169,0.031097901650358733,random,0,50,0.04511894835947169,0,,
13,17,1618554,0.014021046709112955,0.04511894835947169,0.031097901650358733,random,1,55,0.04511894835947169,0,,
13,17,1618554,0.014021046709112955,0.04511894835947169,0.031097901650358733,random,2,60,0.04511894835947169,0,,
13,17,1618554,0.014021046709112955,0.04511894835947169,0.031097901650358733,random,3,65,0.04511894835947169,0,,
13,17,1618554,0.014021046709112955,0.04511894835947169,0.031097901650358733,random,4,70,0.04511894835947169,0,,
13,17,1618554,0.014021046709112955,0.04511894835947169,0.031097901650358733,random,5,75,0.04511894835947169,0,,
13,17,1618554,0.014021046709112955,0.04511894835947169,0.031097901650358733,random,6,80,0.03809996907857241,0,,
13,17,1618554,0.014021046709112955,0.04511894835947169,0.031097901650358733,random,7,85,0.03809996907857241,0,,
13,17,1618554,0.014021046709112955,0.04511894835947169,0.031097901650358733,random,8,90,0.03809996907857241,0,,
13,17,1618554,0.014021046709112955,0.04511894835947169,0.031097901650358733,random,9,95,0.03809996907857241,0,,
13,17,1618554,0.014021046709112955,0.04511894835947169,0.031097901650358733,random,10,100,0.03809996907857241,0,,
13,17,1618554,0.014021046709112955,0.04511894835947169,0.031097901650358733,oracle,0,50,0.04511894835947169,1,0,reached_oracle_pool_best
13,17,1618554,0.014021046709112955,0.04511894835947169,0.031097901650358733,oracle,1,55,0.031097901650358733,1,0,reached_oracle_pool_best
