wavelength,A0_mean,A0_sample_std,A1_mean,A1_sample_std,A2_mean,A2_sample_std,A3_mean,A3_sample_std
380.0,0.0208746650566657,0.0029802162987555,0.0742493584752082,0.0027162801075621,0.0263628359884023,0.0018331085792999,0.0217291249583164,0.0027734757254952
380.3760681152344,0.0203134708106517,0.0028405683574647,0.0728164558609326,0.0027048134764389,0.0252500460793574,0.0017743203317435,0.0212124833216269,0.0026197570930342
380.75286865234375,0.0198298521960775,0.0027134246845409,0.0714464356501897,0.0026921330954034,0.0242216318845748,0.001711611459127,0.020772652576367,0.0024769769581661
381.1304016113281,0.0194202462832133,0.0025998398836009,0.0701413447658221,0.0026783044555791,0.0232785521696011,0.00164585428257,0.0204059414565563,0.002346317498698
381.5086975097656,0.0190801963830987,0.0025001812839046,0.0689026360710462,0.0026633973843408,0.0224207115670045,0.0015782220986561,0.0201077777892351,0.0022284542229489
381.88775634765625,0.0188045718396703,0.0024141143598765,0.0677312756578127,0.0026474952205783,0.0216470749427874,0.0015101895387218,0.019872885197401,0.0021235310525801
382.2675476074219,0.0185877256095409,0.0023407418579707,0.0666277398665746,0.0026307073082476,0.0209555771201849,0.0014435012002032,0.0196955119570096,0.0020312287635993
382.6481323242188,0.0184236046547691,0.0022787636844199,0.065592040369908,0.0026131550613635,0.0203432043393452,0.0013801001926199,0.0195695086071888,0.0019508485397492
383.0294494628906,0.0183060291533668,0.0022266698341219,0.0646238264938195,0.0025949667869388,0.0198060536136229,0.0013219931086284,0.0194886541614929,0.0018814249920599
383.4115295410156,0.018228820276757,0.0021828935845171,0.0637223497033119,0.0025762883005391,0.0193394619971513,0.0012710991031632,0.0194467258950074,0.0018218407516658
383.79437255859375,0.0181859614327549,0.0021459395035433,0.0628865780929724,0.0025572739510285,0.0189381572107474,0.001229051980138,0.0194377195090055,0.0017709341475465
384.177978515625,0.0181717168539762,0.0021144797546578,0.0621151650945345,0.0025380768033674,0.018596372877558,0.0011970054790681,0.0194559194147586,0.001727572226912
384.5623474121094,0.0181807768220702,0.0020873929159015,0.0614065274596214,0.0025188577278926,0.0183081227044264,0.0011754980070043,0.0194960431506236,0.0016907183885487
384.9474792480469,0.0182082934305071,0.0020637708353093,0.0607588991522789,0.0024997718010355,0.0180673158417145,0.0011643901891215,0.0195532858371734,0.001659450205626
385.3334045410156,0.0182499105731646,0.0020429033835141,0.060170350720485,0.0024809764362648,0.0178679160773754,0.0011629252665921,0.0196233275036017,0.0016329711035814
385.7200927734375,0.0183018391951918,0.0020242608427761,0.0596388046940167,0.0024626153309006,0.0177041312058766,0.0011698664386746,0.0197024283309777,0.0016106020595622
386.1075744628906,0.0183607777580618,0.0020074519514336,0.0591621336837609,0.0024448249884221,0.0175705359627803,0.0011836950771972,0.0197872877120971,0.0015917793299747
386.4958190917969,0.0184239476919174,0.0019922001338782,0.0587381047507127,0.0024277299004626,0.0174620947490135,0.0012027988292776,0.0198751619706551,0.001576026855321
386.8848571777344,0.0184890364607175,0.0019783196304997,0.0583644854525725,0.0024114410542431,0.017374273451666,0.0012256266156052,0.0199637420475482,0.0015629494963233
387.274658203125,0.0185541929677128,0.0019656896710446,0.0580390319228172,0.0023960550531611,0.0173030865068237,0.0012507907812142,0.020051172375679,0.001552202936521
387.6652526855469,0.0186179456611474,0.0019542210938901,0.0577595022817452,0.0023816448493677,0.0172450428828597,0.0012771068800529,0.0201359788576761,0.0015434959642331
388.056640625,0.0186791694412628,0.0019438746418447,0.0575236943860848,0.0023682761907483,0.0171972122043371,0.0013036092145985,0.0202170237898826,0.001536573344584
388.4488220214844,0.0187370799481868,0.0019346150647794,0.0573294483125209,0.0023559939345678,0.0171571657061576,0.0013295477427541,0.0202935025095939,0.0015312065578454
388.841796875,0.0187911130487918,0.0019264385286737,0.0571746518214543,0.0023448267593088,0.0171229186778267,0.0013543452621468,0.020364844550689,0.0015271873287038
389.2355651855469,0.0188410066068172,0.0019193341604879,0.057057278851668,0.0023347895237629,0.0170929661020636,0.0013776015303736,0.0204307587196429,0.0015243422054801
389.630126953125,0.0188866391777992,0.0019133093646765,0.0569753597180048,0.0023258792869639,0.0170661609619855,0.0013990162480439,0.0204911168664693,0.0015224972512819
390.0255126953125,0.0189280835290749,0.0019083613798131,0.0569269982477029,0.0023180787293778,0.0170417267208298,0.001418419947249,0.0205459838112195,0.001521507178135
390.4216918945313,0.0189655096580584,0.0019044952412966,0.0569103750089804,0.0023113686774575,0.0170191998283068,0.0014357197783498,0.0205955271919568,0.0015212302125423
390.8186645507813,0.018999225522081,0.0019017082435304,0.0569237681726614,0.0023057132065126,0.0169983609889944,0.0014508730549183,0.0206400459011395,0.0015215576048874
391.2164306640625,0.0190296024084091,0.0018999948470762,0.0569654698173205,0.0023010647762817,0.0169792129968603,0.0014639144560255,0.0206799353162447,0.0015223736808199
391.6150207519531,0.0190570692221323,0.00189934012043,0.0570339058836301,0.0022973675902395,0.0169619657720128,0.0014749014899063,0.0207156361391146,0.0015235858134715
392.0144348144531,0.0190821072707573,0.0018997270637066,0.0571275661389033,0.0022945740899802,0.0169469534729917,0.001483938899918,0.020747651780645,0.0015251146057753
392.4146728515625,0.0191051763792832,0.001901125253286,0.0572449413438638,0.0022926143787945,0.0169345932081341,0.0014911483827383,0.0207764881352583,0.0015268852130796
392.8157043457031,0.0191267961015303,0.0019034858255218,0.0573846707741419,0.0022914287621898,0.0169254346440235,0.0014966733889438,0.0208027020096778,0.0015288408860104
393.2175598144531,0.0191474258899688,0.0019067611355489,0.0575453661382198,0.0022909487347712,0.0169200391819079,0.001500676364733,0.0208268051346143,0.0015309247688373
393.6202697753906,0.0191675629466772,0.0019108835450984,0.0577257571121056,0.0022911094863012,0.0169190128644307,0.0015033295484258,0.0208493683487176,0.0015330960968974
394.0237731933594,0.019187619164586,0.0019157769507346,0.0579245905081431,0.0022918464990542,0.0169229372714956,0.0015048156990035,0.0208708509802818,0.0015353153441051
394.4281005859375,0.0192080081750949,0.0019213511264123,0.0581406568487485,0.0022930919279461,0.016932395286858,0.0015053165941738,0.0208917660017808,0.001537554608033
394.8332824707031,0.0192290974160035,0.0019275088861955,0.0583728010455767,0.0022947777629557,0.0169479104379812,0.0015050142961574,0.0209125533699989,0.001539784563069
395.2392883300781,0.0192511934787035,0.0019341415307102,0.0586198816696802,0.0022968560185596,0.0169699598724643,0.001504096743799,0.0209336227426926,0.0015419814082667
395.6461181640625,0.0192745701720317,0.0019411340451908,0.0588808327913284,0.0022992542504434,0.0169989733646313,0.0015027310629846,0.0209553298850854,0.0015441307145926
396.0538024902344,0.0192994348704814,0.0019483638218231,0.0591545954346656,0.0023019236064057,0.0170352851351102,0.0015010840210696,0.0209779976556698,0.001546213387561
396.4623107910156,0.0193259863803784,0.0019557103692759,0.0594401401778062,0.002304811513857,0.0170791570097208,0.0014993068314231,0.0210019251952568,0.0015482133407788
396.8716735839844,0.0193543226768573,0.0019630454233369,0.0597364793221155,0.0023078651079006,0.0171307563160856,0.001497535410386,0.021027319629987,0.0015501219585078
397.2818908691406,0.0193845096975564,0.0019702468703332,0.0600426505009333,0.002311044127782,0.017190171033144,0.0014958886323389,0.0210543597737948,0.0015519270065008
397.6929626464844,0.0194165730228026,0.0019771964017494,0.0603577171762784,0.0023143026482425,0.0172574028993646,0.0014944664465336,0.0210831855734189,0.001553614339337
398.1048583984375,0.019450493901968,0.0019837782607189,0.0606807641685009,0.002317604293218,0.0173323680957158,0.0014933485457007,0.0211138865600029,0.001555183328307
398.51763916015625,0.0194862118611733,0.0019898926373428,0.0610109527905782,0.002320909610719,0.0174148998533686,0.0014926013407906,0.0211465140183766,0.0015566205715448
398.9312438964844,0.0195236266901095,0.0019954390382257,0.061347406109174,0.0023241877156116,0.0175047659625609,0.0014922607703997,0.0211810765167077,0.0015579198294207
399.3457336425781,0.0195625861485799,0.0020003369005698,0.0616892943779627,0.0023274127902382,0.0176016363004843,0.001492358794923,0.021217530965805,0.0015590756000873
399.7610778808594,0.0196029519041379,0.0020045088312097,0.0620358457167943,0.0023305585303417,0.0177051601310571,0.0014929022537268,0.0212558442105849,0.0015600878970382
400.1772766113281,0.0196445312350988,0.0020078993281565,0.0623862971862157,0.002333595558193,0.0178149168690045,0.0014938899145071,0.0212959181517362,0.0015609441201722
400.5943603515625,0.0196871028592189,0.0020104579019111,0.0627399149040381,0.002336510226502,0.0179304386799534,0.0014953070993006,0.02133762439092,0.0015616478820231
401.0122985839844,0.0197304355601469,0.0020121508185813,0.0630959828694661,0.0023392814954076,0.0180512002358833,0.0014971314024039,0.0213808237264553,0.0015621975837372
401.4311218261719,0.0197743199765682,0.002012957514125,0.0634538518885771,0.0023418963617177,0.0181767019132773,0.0014993263017543,0.0214253878841797,0.0015625907722467
401.8507995605469,0.0198184692611296,0.0020128681754402,0.0638128407299518,0.0023443396832889,0.0183063538745045,0.0015018634009931,0.0214711093654235,0.001562825880492
402.2713623046875,0.0198626483480135,0.0020118764724604,0.0641723781824112,0.0023466021916764,0.0184396187464396,0.0015046975993101,0.0215178250024716,0.0015629134663375
402.6928405761719,0.0199065974603096,0.0020100014211757,0.0645318515598774,0.0023486659660918,0.0185759127140045,0.001507790693268,0.0215653313944737,0.0015628442984485
403.11517333984375,0.0199500675002733,0.0020072620190244,0.0648907211919625,0.0023505402693978,0.0187146624550223,0.0015110983315943,0.021613431846102,0.001562626815059
403.5383911132813,0.0199928077558676,0.0020036846444714,0.0652484645446141,0.0023522047191585,0.0188553165023525,0.0015145870959702,0.0216619424521923,0.0015622679516416
403.9624938964844,0.0200345707436402,0.0019993038072191,0.065604610244433,0.0023536598804867,0.0189973146344224,0.0015182100524542,0.0217106400678555,0.0015617698123654
404.3875122070313,0.0200751326978206,0.0019941542127367,0.0659586777289708,0.0023549055691633,0.0191401306539773,0.0015219368828812,0.0217593436439832,0.0015611358246963
404.81341552734375,0.0201142722119887,0.0019882907711473,0.0663102452953656,0.0023559325834457,0.0192832431445519,0.0015257272394255,0.0218078510214885,0.0015603740821304
405.2402038574219,0.0201517603049675,0.0019817487411233,0.0666589270035425,0.0023567502632843,0.0194261503716309,0.0015295525703125,0.0218559610346953,0.0015594862449295
405.66790771484375,0.0201874361683925,0.00197458509951,0.0670043538014094,0.0023573482788828,0.0195684113850196,0.0015333889727303,0.0219035272796948,0.001558479792922
406.0965270996094,0.0202210834870735,0.0019668513808477,0.0673461779952049,0.0023577293375654,0.0197095623860756,0.0015372101866428,0.0219503387808799,0.0015573651046951
406.5260314941406,0.0202525624384482,0.00195859360006,0.0676840881506602,0.0023579023090369,0.0198491974423329,0.0015409893456072,0.0219962545981009,0.0015561377866861
406.9564514160156,0.0202817269911368,0.001949866601996,0.0680178274710973,0.0023578671437017,0.0199869501094023,0.0015447124997227,0.022041122491161,0.0015548118689552
407.3877868652344,0.0203084429105122,0.0019407192082873,0.0683471277356147,0.0023576226111042,0.0201224831243356,0.0015483615296798,0.022084807852904,0.0015533837363027
407.8200378417969,0.0203325814257065,0.0019312001457759,0.0686717589696248,0.0023571725915708,0.0202554430812597,0.0015519278147264,0.0221271524826685,0.0015518598405658
408.2532043457031,0.0203540829320748,0.0019213606810452,0.0689915522933006,0.0023565263293162,0.0203855838626623,0.0015553968596881,0.0221680893252293,0.0015502494862979
408.6872863769531,0.0203728475918372,0.0019112363377851,0.0693063120047251,0.0023556852091331,0.0205126291761795,0.0015587665596708,0.0222074786822001,0.0015485435254096
409.1222839355469,0.0203888007750113,0.0019008830251997,0.0696158796548843,0.0023546579194103,0.0206363525241613,0.0015620215192231,0.0222452264279127,0.0015467544253725
409.5582275390625,0.0204019198815027,0.0018903299955179,0.0699201494455337,0.0023534405306243,0.0207565706223249,0.001565168696366,0.0222812723368406,0.0015448852447689
409.9950866699219,0.0204121762265761,0.0018796216998025,0.0702190215388933,0.0023520456090296,0.0208731122314929,0.0015682035833213,0.0223155488570531,0.0015429272756347
410.4328918457031,0.020419543236494,0.0018687820095983,0.0705124005675315,0.0023504777784628,0.0209858338038126,0.00157112332762,0.0223479906717936,0.0015408894690805
410.8716430664063,0.0204240246365467,0.0018578582742107,0.0708002433180809,0.0023487382664641,0.0210946271816889,0.0015739337631361,0.0223785519599914,0.001538767951578
411.3113098144531,0.0204256211717923,0.0018468703970702,0.0710824896891911,0.0023468425678402,0.0211993916581074,0.001576633936229,0.0224071931093931,0.0015365643968603
411.7519226074219,0.0204243769248326,0.0018358505622023,0.0713591367006301,0.002344787949803,0.0213000785559415,0.0015792312152974,0.0224339064210653,0.0015342823035179
412.1934814453125,0.0204203188419342,0.0018248226045527,0.0716301724314689,0.0023425802691704,0.0213966241727272,0.0015817336521906,0.0224586680531501,0.0015319174550677
412.6360168457031,0.0204134818166494,0.0018138072640207,0.0718956018487612,0.0023402323993958,0.0214890100061893,0.0015841385649938,0.0224814530462026,0.0015294724215988
413.0794677734375,0.02040396121641,0.0018028254952732,0.0721554711461067,0.0023377444607613,0.0215772425134976,0.0015864643801735,0.0225022959212462,0.0015269397901123
413.5238952636719,0.0203917865951855,0.001791904600209,0.0724098096291224,0.0023351234957008,0.0216613221913576,0.001588712101026,0.0225211904694636,0.0015243287212483
413.9692687988281,0.0203770544379949,0.0017810531621995,0.0726586793859799,0.0023323772933607,0.0217412857959667,0.0015908951757389,0.0225381544480721,0.0015216358540336
414.4155883789063,0.0203598196307818,0.0017702930008946,0.0729021325707435,0.0023295113193272,0.0218171677241722,0.0015930206036307,0.0225531922032435,0.0015188604788964
414.8628845214844,0.0203402025004227,0.0017596360385676,0.0731402700146039,0.0023265346525855,0.0218890359004338,0.0015951006930108,0.0225663548956314,0.0015160027666514
415.3111572265625,0.0203182823956012,0.0017490979622742,0.0733731706937154,0.0023234434899919,0.0219569470733404,0.0015971421604129,0.022577670092384,0.0015130671008694
415.7604064941406,0.0202941659837961,0.0017386986469479,0.0736009299755096,0.0023202533704166,0.0220209984729687,0.0015991604618588,0.0225871736804644,0.0015100523198596
416.2106018066406,0.0202679491291443,0.0017284435930682,0.0738236725330352,0.0023169674028663,0.0220812744150559,0.0016011610930425,0.0225949078798294,0.0015069618153779
416.6617736816406,0.0202397460738817,0.0017183473203223,0.0740415086348851,0.0023135860864236,0.0221378803253173,0.0016031623093521,0.0226009187599023,0.0015037985780163
417.1139526367188,0.0202096628646055,0.0017084266440199,0.0742545485496521,0.0023101215516949,0.0221909059832493,0.001605173830714,0.0226052389790614,0.0015005642833811
417.5670776367188,0.0201778175930182,0.001698695068973,0.0744629517197608,0.0023065759158338,0.0222404909630616,0.0016072030408247,0.0226079477618138,0.0014972688711648
418.0212097167969,0.0201443237562974,0.0016891630173868,0.0746668214599291,0.0023029570759864,0.022286740069588,0.0016092708744123,0.022609082236886,0.0014939119433362
418.4763488769531,0.02010929522415,0.0016798487801679,0.0748663201928138,0.0022992651654664,0.0223297856748104,0.0016113760102002,0.022608691950639,0.0014905050179539
418.9324645996094,0.0200728469838698,0.0016707600915246,0.0750615855058034,0.002295511270418,0.0223697575430075,0.0016135473459792,0.0226068404813607,0.0014870519498281
419.3895568847656,0.020035100976626,0.001661920252136,0.0752527644236882,0.0022916908221054,0.0224067900329828,0.0016157811562377,0.022603586440285,0.0014835641748852
419.84765625,0.0199961700787146,0.0016533429188258,0.0754400124152501,0.0022878197841951,0.0224410127848386,0.0016181013669765,0.0225989787528912,0.0014800486834614
420.3067626953125,0.0199561785906553,0.0016450449173868,0.0756234914064407,0.0022838953851123,0.0224725800255934,0.0016205105541876,0.022593089689811,0.0014765105080509
420.7668762207031,0.0199152213831742,0.0016370428899973,0.0758033320307731,0.0022799247055201,0.0225016032656033,0.001623024025702,0.0225859552621841,0.001472974899764
421.2279968261719,0.0198734468470017,0.0016293636929178,0.0759797240296999,0.0022759091907317,0.0225282570968071,0.0016256593705885,0.0225776669879754,0.0014694442414213
421.6901550292969,0.019830935075879,0.0016220197560388,0.0761528030037879,0.0022718549200443,0.0225526606043179,0.001628419587865,0.0225682535519202,0.0014659363068472
422.1532897949219,0.0197878281275431,0.0016150362947958,0.0763227358460426,0.0022677662725408,0.02257497087121,0.0016313188269655,0.0225577971587578,0.0014624675115866
422.6174621582031,0.0197442085792621,0.0016084410757604,0.0764896800120671,0.0022636445112402,0.0225953079760074,0.0016343678802351,0.0225463427603244,0.0014590492051579
423.0826416015625,0.0197001821051041,0.0016022505651459,0.0766537899772326,0.0022594962600089,0.0226138193160295,0.0016375757456789,0.0225339355568091,0.0014557034236951
423.5488586425781,0.0196558987100919,0.0015964971503644,0.0768152286609013,0.002255322666564,0.022630667189757,0.0016409542047393,0.0225206835816303,0.0014524515526114
424.01611328125,0.0196114130318164,0.0015912077950154,0.0769741490483284,0.0022511259869413,0.0226459540426731,0.0016445139184637,0.0225065922985474,0.0014493105760435
424.484375,0.0195668583114941,0.0015864049960949,0.0771307150522867,0.0022469111573028,0.0226598476370175,0.0016482593967635,0.0224917517354091,0.0014463055905701
424.9536743164063,0.0195223126560449,0.0015821251808221,0.0772850627700487,0.0022426778477066,0.0226724546402692,0.0016522036112434,0.0224762021253506,0.0014434564632187
425.4240417480469,0.019477891549468,0.0015783964922366,0.0774373615781466,0.0022384311691445,0.0226839321355025,0.0016563560709396,0.0224600146214167,0.0014407925563059
425.8954162597656,0.0194336799283822,0.0015752491372934,0.0775877555211385,0.0022341729943076,0.0226943910121917,0.0016607219318912,0.022443235417207,0.001438333741288
426.3678588867188,0.0193897784998019,0.0015727169338791,0.0777363921205202,0.0022299066246647,0.0227039740731318,0.0016653128390885,0.0224259367833534,0.0014361110073962
426.8413391113281,0.0193462754289309,0.001570834084098,0.0778834124406178,0.0022256346931162,0.0227128083507219,0.0016701302442361,0.0224081655343373,0.0014341576131969
427.3158874511719,0.0193032536655664,0.0015696325802037,0.0780289481083552,0.0022213523410646,0.0227209920684496,0.0016751830416509,0.0223899873594443,0.0014324975949051
427.7914733886719,0.0192607982705036,0.001569143297942,0.078173166513443,0.0022170695561398,0.0227286679049332,0.0016804782508996,0.0223714436093966,0.0014311628104949
428.2681274414063,0.0192189984023571,0.0015694039408416,0.0783161828915278,0.002212780456742,0.0227359612782796,0.0016860169636674,0.0223526044438282,0.0014301850750794
428.745849609375,0.0191779455790917,0.0015704466841555,0.0784581442674001,0.002208495274489,0.0227429757515589,0.0016918086882234,0.0223335318267345,0.0014296000339677
429.2246398925781,0.0191377185285091,0.0015723047899937,0.0785991604129473,0.002204206905872,0.0227498346318801,0.0016978547344253,0.0223142885913451,0.0014294426173025
429.7044982910156,0.01909836307168,0.0015750138488163,0.0787393589814504,0.0021999224981407,0.0227566209932168,0.0017041607944391,0.0222949034223953,0.0014297442137661
430.1854248046875,0.0190600005288918,0.0015786011996167,0.0788789004087448,0.0021956363465144,0.0227634867032369,0.0017107289579993,0.0222754749159018,0.0014305430154256
430.66741943359375,0.019022670139869,0.0015830959236149,0.0790178497632344,0.0021913528502917,0.0227704943468173,0.0017175559074548,0.0222560230642557,0.0014318757055932
431.1505126953125,0.0189864789446195,0.0015885284650396,0.0791563798983891,0.0021870753831657,0.0227777887135744,0.0017246531589629,0.0222366527964671,0.0014337768375127
431.63470458984375,0.0189514577388763,0.0015949270365914,0.0792945663134257,0.0021828030677475,0.022785426924626,0.0017320140217326,0.0222173790136973,0.0014362838497168
432.1199645996094,0.0189177186538775,0.001602316300994,0.0794325227538744,0.0021785325046138,0.0227935466915369,0.0017396383873296,0.0221982986976703,0.0014394281583473
432.6063232421875,0.0188852902501821,0.0016107159077929,0.0795703614751497,0.0021742641130695,0.0228022191673517,0.001747526096536,0.0221794459968805,0.0014432523620542
433.0937805175781,0.0188542741040388,0.0016201466652725,0.0797081962227821,0.0021700022329356,0.0228115590910116,0.00175567877095,0.0221609085798263,0.0014477870265322
433.5823059082031,0.0188247140496969,0.001630622706025,0.0798461029926935,0.002165739505852,0.0228216368705034,0.0017640888040382,0.0221427388489246,0.0014530701597863
434.0719604492188,0.018796661371986,0.0016421618376878,0.0799841910600662,0.0021614842174342,0.0228325482457876,0.0017727569875197,0.0221249832461277,0.0014591212897765
434.562744140625,0.0187701986481746,0.0016547700311258,0.0801225384076436,0.0021572321769941,0.0228443834930658,0.001781676970229,0.0221077233552932,0.0014659878766666
435.0545959472656,0.0187453837444384,0.0016684548650937,0.0802612662315368,0.0021529791265754,0.0228572264313697,0.0017908473781284,0.0220910208920637,0.0014736885923504
435.547607421875,0.0187222601224978,0.0016832194139694,0.080400413274765,0.002148728588501,0.0228711416323979,0.0018002583631943,0.0220749451468388,0.0014822554785055
436.0416870117188,0.0187008929749329,0.0016990653118508,0.0805400888125101,0.0021444830387723,0.0228862242152293,0.0018099044826728,0.022059537221988,0.0014917038480333
436.5369262695313,0.0186813287436962,0.0017159768199008,0.080680350959301,0.0021402333019773,0.0229025438427925,0.0018197792831842,0.022044879818956,0.0015020635784795
437.0332946777344,0.0186636229356129,0.0017339594776167,0.0808212995529174,0.0021359872118917,0.0229201735307772,0.0018298734504082,0.0220310252159833,0.0015133505976525
437.53076171875,0.0186478279531002,0.0017529959361634,0.0809629783034324,0.0021317384076182,0.0229391778508822,0.0018401832403018,0.0220180554936329,0.0015255784670929
438.0293884277344,0.0186340015381574,0.0017730623692566,0.0811054766178131,0.0021274854690757,0.0229596477001905,0.0018506917837924,0.0220060291389624,0.0015387601977344
438.5291442871094,0.0186221669117609,0.0017941484908352,0.0812488367160161,0.0021232301981881,0.0229816224426031,0.0018613916768592,0.0219949898620446,0.0015529010311352
439.030029296875,0.0186123900115489,0.0018162290855017,0.081393127143383,0.0021189673751676,0.0230051729828119,0.0018722746420652,0.0219850311676661,0.0015680126719702
439.5320739746094,0.0186046939343214,0.0018392754156672,0.0815383916099866,0.0021146996105802,0.0230303563177585,0.0018833273741701,0.0219761852174997,0.0015840896230726
440.0352783203125,0.018599123135209,0.0018632566511958,0.0816847001512845,0.0021104272935724,0.023057231431206,0.0018945320674776,0.0219685275107622,0.0016011280346241
440.5396118164063,0.0185957233111063,0.0018881374585524,0.0818320721387863,0.0021061429268715,0.0230858420332272,0.001905881397544,0.0219621216257413,0.001619124432958
441.0451354980469,0.0185945243885119,0.0019138872787689,0.0819805895288785,0.002101849412234,0.0231162517021099,0.0019173583836528,0.0219570193439722,0.0016380664379338
441.5517883300781,0.0185955509543418,0.0019404640252984,0.0821302706996599,0.0020975470322147,0.0231484918544689,0.0019289518547953,0.0219532827536265,0.001657943974214
442.05963134765625,0.018598831941684,0.001967826384038,0.0822811553875605,0.0020932309440713,0.0231826147685448,0.0019406439831815,0.0219509672373533,0.0016787296782542
442.5686340332031,0.0186043940484523,0.0019959337605056,0.0824332778652509,0.0020888952395327,0.0232186591873566,0.001952419870525,0.021950119237105,0.0017004125312676
443.0787963867188,0.0186122683187325,0.0020247350623584,0.0825866748889287,0.0020845506329682,0.0232566516846418,0.0019642629070857,0.021950801834464,0.0017229627846381
443.5901489257813,0.0186224651833375,0.0020541861969036,0.082741367816925,0.0020801860161435,0.0232966327418883,0.0019761589254367,0.0219530637065569,0.0017463567302203
444.1026611328125,0.0186350042621294,0.0020842420227299,0.0828973869482676,0.0020758035767021,0.0233386332790056,0.0019880915774529,0.0219569457074006,0.0017705585029258
444.6163940429688,0.018649906416734,0.0021148463399375,0.0830547506610552,0.0020713992575559,0.0233826674520969,0.0020000352987755,0.0219625029712915,0.0017955329131037
445.1313171386719,0.0186671571185191,0.0021459531065887,0.0832134673992792,0.0020669772975797,0.0234287666777769,0.0020119884842652,0.0219697612027327,0.0018212519345244
445.64739990234375,0.0186867841829856,0.0021775084304501,0.0833735679586728,0.0020625301942839,0.0234769407659769,0.0020239185158917,0.0219787842283646,0.0018476729327643
446.1647033691406,0.0187087873617808,0.0022094666757714,0.083535049855709,0.0020580598016685,0.0235272113233804,0.0020358191030087,0.0219895919164021,0.0018747587897781
446.6831970214844,0.0187331564724445,0.0022417591264362,0.0836979458729426,0.0020535651763602,0.0235795815785725,0.0020476627224375,0.0220022231340408,0.0019024620924587
447.2029113769531,0.0187598917633295,0.0022743497483202,0.0838622212409973,0.0020490426105249,0.0236340507864952,0.0020594406590487,0.022016704082489,0.0019307384265181
447.7238464355469,0.0187889943520228,0.0023071776429898,0.0840279107292493,0.0020444944978211,0.0236906280120213,0.0020711304650016,0.0220330759882926,0.0019595473512694
448.2459716796875,0.0188204183553655,0.0023401945231835,0.0841949979464213,0.0020399187140728,0.0237493054320414,0.00208271573288,0.0220513295382261,0.0019888462596652
448.7693176269531,0.018854176873962,0.0023733471903056,0.0843634843826293,0.0020353158505888,0.0238100775827964,0.0020941846883242,0.0220715136577685,0.0020185791803384
449.2939147949219,0.0188902512813607,0.0024065822812658,0.0845333645741144,0.0020306779590265,0.0238729320466518,0.0021055108611301,0.0220936428755521,0.0020487049308854
449.8197021484375,0.0189285985504587,0.0024398539419943,0.0847046246131261,0.0020260080011978,0.0239378413806358,0.0021166835134323,0.0221177170674006,0.0020791713157519
450.34674072265625,0.0189692114169398,0.0024731086110631,0.0848772580424944,0.002021309472316,0.0240048121660947,0.002127684264805,0.022143750761946,0.0021099344974653
450.8750305175781,0.0190120340635379,0.002506302274375,0.0850512385368347,0.0020165775713475,0.0240738065292437,0.0021385022578134,0.0221717381229003,0.0021409393071704
451.404541015625,0.019057048484683,0.0025393821097824,0.0852265735467275,0.0020118120280985,0.0241447877138853,0.0021491165164447,0.0222016870975494,0.002172140893648
451.935302734375,0.0191042192280292,0.0025723038730294,0.0854032153884569,0.0020070121718741,0.0242177322506904,0.0021595163740522,0.0222336031496524,0.002203492412124
452.4673156738281,0.0191534731537103,0.0026050248167949,0.0855811451872189,0.0020021797896337,0.0242925975471735,0.002169685674242,0.0222674446801344,0.002234941561499
453.0005798339844,0.0192048062880833,0.0026375030100117,0.0857603584726651,0.0019973110161662,0.0243693646043539,0.0021796092243948,0.0223032498111327,0.0022664450994644
453.53509521484375,0.0192581298450628,0.0026696946480092,0.0859407971302668,0.0019924065625477,0.0244479635109504,0.0021892794998082,0.0223409456511338,0.0022979550758005
454.0708923339844,0.019313413525621,0.0027015575241433,0.0861224666237831,0.001987470842817,0.0245283590008815,0.0021986774543325,0.0223805457353591,0.0023294224733067
454.6079406738281,0.0193705839415391,0.0027330605994804,0.0863053033749262,0.0019824961830667,0.0246104986717303,0.0022077993795222,0.0224220059812068,0.0023608067226447
455.1462707519531,0.019429613277316,0.0027641609494125,0.0864892880121866,0.0019774909075717,0.0246943409244219,0.0022166313026282,0.0224653185655673,0.0023920631086775
455.6858520507813,0.0194904095182816,0.0027948247115228,0.0866743812958399,0.0019724501490326,0.0247798102597395,0.0022251607613042,0.0225104397783676,0.0024231442484262
456.2267456054688,0.0195529103279113,0.0028250217769862,0.0868605529268582,0.0019673778141561,0.0248668560137351,0.0022333815752563,0.0225573223084211,0.0024540154462292
456.7689208984375,0.0196170536180337,0.0028547205923806,0.0870477457841237,0.0019622683997144,0.02495540852348,0.0022412838784249,0.0226059332489967,0.0024846322753795
457.3123779296875,0.0196827565630277,0.0028838878417067,0.0872359270850817,0.001957129089521,0.0250453956425189,0.0022488621447043,0.0226562226812044,0.0025149506526969
457.8571166992188,0.0197499660154183,0.002912500193516,0.0874250580867131,0.0019519539353833,0.0251367668310801,0.0022561082326776,0.022708144535621,0.0025449441637237
458.4031677246094,0.0198185864835977,0.0029405276846829,0.0876150791843732,0.0019467529933326,0.0252294426163037,0.0022630157023267,0.0227616456647713,0.0025745635888603
458.9505310058594,0.0198885524024566,0.0029679508952717,0.0878059580922126,0.0019415160641535,0.0253233386824528,0.0022695811144821,0.0228166772673527,0.0026037834541274
459.4992065429688,0.0199597901354233,0.0029947451228833,0.0879976352055867,0.0019362514450228,0.0254183931897083,0.0022757980039177,0.0228731748958428,0.0026325703070941
460.0491638183594,0.0200322055568297,0.0030208904931686,0.0881900692979494,0.0019309611560665,0.0255145240575075,0.0022816646077667,0.0229310780763626,0.0026608856318389
460.6004638671875,0.0201057214289903,0.0030463689684982,0.0883832082152366,0.001925644782002,0.0256116483360528,0.0022871765113616,0.0229903187602758,0.0026887018687115
461.153076171875,0.0201802382866541,0.0030711575452742,0.0885769883791605,0.0019202983614449,0.0257096680502096,0.0022923329769597,0.0230508213241895,0.0027159951011346
461.70703125,0.020255709812045,0.0030952496256427,0.0887713775038719,0.0019149321405444,0.0258085348953803,0.0022971336742959,0.0231125430514415,0.0027427362142297
462.2622985839844,0.0203320167958736,0.0031186242890188,0.088966300090154,0.0019095430296911,0.025908143321673,0.0023015740689174,0.0231753891954819,0.0027688951129547
462.8189392089844,0.0204090781509876,0.0031412707041789,0.089161708454291,0.0019041339821156,0.0260084023078282,0.0023056606309105,0.0232392827669779,0.0027944516751846
463.37689208984375,0.0204868137836456,0.0031631772832636,0.0893575395147005,0.0018987089316759,0.0261092229435841,0.0023093859743706,0.0233041578282912,0.0028193809507122
463.9361877441406,0.0205651404956976,0.0031843374541898,0.0895537550250689,0.0018932626890466,0.0262105379253625,0.002312759888616,0.0233699358999729,0.0028436637136745
464.4968566894531,0.0206439570834239,0.0032047394844595,0.0897502720355987,0.0018878105877542,0.0263122343768676,0.0023157764074756,0.0234365291893482,0.0028672794774399
465.0588684082031,0.0207231774926185,0.0032243752260421,0.0899470562736193,0.0018823389856256,0.0264142408967018,0.0023184455781827,0.023503856609265,0.002890214924842
465.6222229003906,0.0208027436087528,0.0032432439724291,0.0901440401871999,0.00187685895458,0.0265164693196614,0.0023207638229028,0.0235718604177236,0.0029124511271638
466.1869812011719,0.0208825252950191,0.003261334369384,0.0903411527474721,0.0018713758949142,0.0266188045342763,0.0023227408533109,0.0236404156933228,0.0029339698718656
466.7530822753906,0.0209624751160542,0.0032786485019648,0.0905383432904879,0.00186588351031,0.0267211953798929,0.0023243777632118,0.0237094757457574,0.0029547640909674
467.3205871582031,0.02104247584939,0.0032951822035676,0.090735558172067,0.0018603912141316,0.0268235140790541,0.0023256812496198,0.0237789290646712,0.0029748135685668
467.8894653320313,0.0211224779486656,0.0033109302087913,0.0909327283501625,0.001854899702328,0.0269257125755151,0.0023266565806387,0.0238487156728903,0.0029941204969629
468.459716796875,0.0212023541331291,0.0033258946958273,0.0911298056443532,0.0018494106959563,0.0270276604841152,0.0023273055472071,0.0239187193413575,0.0030126597991562
469.0313720703125,0.0212820517520109,0.0033400800410809,0.0913267249862353,0.0018439327394444,0.0271292999386787,0.0023276401646399,0.0239888769884904,0.0030304340874328
469.6044006347656,0.0213614847511053,0.0033534794024772,0.0915234198172887,0.0018384598121002,0.0272305241475502,0.0023276668569017,0.0240590893973906,0.0030474329685322
470.1788635253906,0.0214405746509631,0.0033661013076965,0.0917198340098063,0.001832997432745,0.0273312578598658,0.0023273885549275,0.0241292874018351,0.0030636460448281
470.7547302246094,0.0215192565073569,0.0033779422453742,0.0919159253438313,0.0018275546193304,0.0274314327786366,0.002326814335783,0.024199391156435,0.003079080433593
471.3320007324219,0.0215974157055219,0.0033890100576933,0.0921116073926289,0.001822126972385,0.0275309248516956,0.002325954212694,0.0242692795892556,0.0030937258875045
471.9106750488281,0.021675007790327,0.0033993109728556,0.0923068523406982,0.0018167212531617,0.0276296861469745,0.00232481028326,0.0243389068792263,0.0031075779537506
472.4907836914063,0.0217519561449686,0.0034088433677955,0.0925015792250633,0.0018113428788911,0.0277276138464609,0.00232340091086,0.0244081755479176,0.0031206432523153
473.07232666015625,0.0218281888713439,0.003417615675104,0.092695747812589,0.0018059863832866,0.0278246479729811,0.0023217290985298,0.0244770102202892,0.0031329110875352
473.6552734375,0.0219036344438791,0.0034256316429425,0.0928892950216929,0.0018006688634502,0.0279206896821657,0.0023198034453063,0.024545324097077,0.0031443879408778
474.23968505859375,0.0219782147556543,0.003432898815248,0.0930821706851323,0.0017953818642934,0.0280156689385573,0.0023176358396964,0.0246130313724279,0.0031550732120339
474.8255615234375,0.0220518848548332,0.0034394241612022,0.0932743032773335,0.001790133845147,0.0281095175693432,0.0023152314552859,0.0246800733109315,0.0031649724129115
475.412841796875,0.0221245660136143,0.0034452143098866,0.0934656654795011,0.0017849237907684,0.0282021538664897,0.0023126059857257,0.0247463557869195,0.0031740804453521
476.0016174316406,0.022196218992273,0.0034502722589546,0.0936561942100524,0.0017797616965032,0.0282935182253519,0.0023097647369399,0.0248118210583925,0.0031824142716637
476.5918273925781,0.0222667751212914,0.0034546088150548,0.0938458343346913,0.0017746455810046,0.0283835300554831,0.0023067224057101,0.0248763989657163,0.0031899693653208
477.1835021972656,0.0223361613849798,0.0034582342863847,0.0940345376729965,0.0017695791213962,0.0284721247851848,0.0023034821647085,0.0249399904161691,0.0031967480961049
477.7766723632813,0.0224043546865383,0.0034611577457129,0.0942222684621811,0.0017645694541901,0.0285592385878165,0.0023000592789265,0.0250025613854328,0.0032027652442432
478.3712768554688,0.0224712898333867,0.0034633815748695,0.0944089770317077,0.0017596157466185,0.0286448220411936,0.0022964683313809,0.0250640229632457,0.0032080240087027
478.9674072265625,0.0225369146714607,0.0034649158659551,0.094594602783521,0.0017547242623004,0.028728791202108,0.0022927112326385,0.0251243159174919,0.0032125222879138
479.5650024414063,0.0226011926929156,0.0034657728543787,0.0947791144251823,0.0017498976047776,0.0288111036022504,0.0022888101164411,0.0251833831270535,0.0032162802660116
480.1640930175781,0.0226640666524569,0.0034659575154833,0.0949624637762705,0.0017451352190767,0.0288916857292254,0.0022847619997116,0.0252411468575398,0.0032193001943955
480.7646789550781,0.0227255263676246,0.0034654882545916,0.0951446165641149,0.0017404512257006,0.0289705159763495,0.0022805902670114,0.0252975821495056,0.0032215906906016
481.3667602539063,0.0227854960908492,0.003464358157017,0.0953255256017049,0.001735834941818,0.0290475122630596,0.0022763013792411,0.0253526033212741,0.0032231608539751
481.9703674316406,0.0228439724693695,0.0034625851649154,0.0955051551262537,0.0017312958182599,0.0291226445386807,0.0022719021884235,0.0254061734924713,0.0032240186415936
482.5755004882813,0.0229009034732977,0.0034601890829431,0.0956834718585014,0.0017268358091271,0.0291958590348561,0.0022674117070869,0.0254582380255063,0.0032241778959683
483.18212890625,0.0229562681168317,0.0034571675307938,0.0958604405323664,0.00172246004082,0.0292671158909797,0.0022628381492701,0.025508747746547,0.0032236450971532
483.7903137207031,0.0230100290228923,0.0034535287641262,0.0960360328356424,0.0017181688204795,0.0293363661815722,0.0022581928241329,0.0255576455344756,0.0032224304633223
484.4000244140625,0.0230621648331483,0.003449290850141,0.0962101936340332,0.0017139674350876,0.029403568804264,0.0022534842855798,0.0256048982342084,0.0032205433496581
485.0112609863281,0.0231126674761374,0.0034444579619292,0.096382928888003,0.0017098576262267,0.0294687078644831,0.002248726754883,0.0256504738082488,0.0032179998171835
485.6240539550781,0.0231614890197912,0.0034390403290692,0.096554181476434,0.0017058416876655,0.0295317249993483,0.002243931912649,0.0256943114101886,0.0032148033261491
486.2383728027344,0.0232086277256409,0.0034330554602913,0.0967239479223887,0.0017019205077285,0.0295926033208767,0.0022391144742943,0.025736387570699,0.003210976106454
486.8542785644531,0.0232540636012951,0.0034265037781555,0.0968921865026156,0.0016980991251383,0.0296513018508752,0.0022342776544622,0.0257766703764597,0.0032065140566178
487.4717102050781,0.0232977957775195,0.0034194008152943,0.097058884302775,0.0016943781926099,0.0297078055640061,0.0022294379410026,0.0258151241888602,0.003201444969255
488.0907287597656,0.0233397886157035,0.00341175653084,0.0972240224480629,0.0016907609481294,0.0297620861480633,0.0022246009246907,0.0258517192055781,0.0031957699989815
488.7113342285156,0.0233800698071718,0.0034035762237595,0.0973875850439071,0.0016872483787396,0.029814127087593,0.0022197850516203,0.0258864443749189,0.0031895082340768
489.3335266113281,0.0234186004847288,0.0033948836161463,0.0975495417912801,0.001683844563551,0.029863903298974,0.002214999249351,0.0259192566076914,0.0031826696161551
489.957275390625,0.0234553785373767,0.0033856706984128,0.0977098926901817,0.0016805482257087,0.0299113893260558,0.0022102510960918,0.0259501303235689,0.0031752642384394
490.5826416015625,0.0234904245783885,0.0033759611990427,0.0978686213493347,0.001677367592423,0.0299565923710664,0.0022055522832513,0.0259790658950805,0.0031673056829756
491.2095947265625,0.0235237228373686,0.0033657635137486,0.0980257188280423,0.0016742906313023,0.0299994884679714,0.0022009152365534,0.0260060423364241,0.0031588080436734
491.838134765625,0.0235552721967299,0.0033550816633393,0.0981811612844467,0.0016713353405456,0.0300400592386722,0.0021963462394149,0.0260310310870409,0.0031497854987262
492.4683227539063,0.0235850839565197,0.0033439350042781,0.0983349616328875,0.001668492860425,0.0300783106436332,0.0021918605067335,0.0260540253172318,0.0031402495337776
493.10009765625,0.0236131556332111,0.0033323256346854,0.0984871084491411,0.0016657685235357,0.0301142251739899,0.0021874660403199,0.0260750194390614,0.0031302150116225
493.7335205078125,0.0236395180225372,0.0033202752330882,0.0986376017332077,0.0016631610543563,0.030147831638654,0.0021831700078143,0.0260940176745255,0.0031196910503048
494.3685607910156,0.0236641447991132,0.0033077834829247,0.0987864236036936,0.0016606737385163,0.0301790752758582,0.002178983291096,0.0261109801630179,0.0031086947070059
495.0052185058594,0.0236870850125948,0.0032948623506312,0.0989336028695106,0.001658302654118,0.0302080029000838,0.0021749196713968,0.0261259416739145,0.0030972345616467
495.6435241699219,0.0237083178013563,0.0032815264537613,0.0990791137019793,0.0016560537334068,0.0302345974991718,0.0021709751323859,0.0261388709147771,0.0030853325691175
496.2835083007813,0.0237278735886017,0.003267786268397,0.0992229864001274,0.0016539266297972,0.0302588695039351,0.0021671749004112,0.026149786884586,0.0030729948392659
496.9251098632813,0.0237457626809676,0.0032536508943653,0.0993652085463206,0.0016519201789264,0.0302808205286661,0.0021635131397612,0.0261586776624123,0.0030602382221192
497.5683898925781,0.0237620218346516,0.0032391304657217,0.0995058000087738,0.0016500345222481,0.0303004824866851,0.0021600087085532,0.0261655651032924,0.0030470754648448
498.2133483886719,0.0237766484419504,0.0032242365741506,0.0996447667479515,0.0016482699798057,0.0303178414702415,0.0021566575679446,0.0261704463511705,0.0030335202201866
498.8599548339844,0.0237896621227264,0.0032089777646908,0.0997821206847826,0.0016466277430108,0.0303329113870859,0.0021534785427889,0.0261733202884594,0.0030195845380895
499.5082702636719,0.0238011055936416,0.0031933657927015,0.0999178811907768,0.0016451071020923,0.0303457309802373,0.0021504670099865,0.0261742203185955,0.0030052863527835
500.15826416015625,0.023810966933767,0.0031774144953332,0.1000520562132199,0.0016437049398283,0.0303562841067711,0.0021476368781459,0.0261731259524822,0.0029906346078805
500.8099365234375,0.0238192927092313,0.0031611329290258,0.1001846546928087,0.0016424259866008,0.0303646114965279,0.0021449893784087,0.0261700636396805,0.0029756491869802
501.46331787109375,0.0238261085003614,0.0031445235276236,0.100315710902214,0.0016412682600745,0.0303707291682561,0.0021425322232157,0.0261650626858075,0.0029603365807013
502.118408203125,0.023831442122658,0.0031276091571898,0.1004452680548032,0.0016402266853349,0.0303746740023295,0.0021402746223016,0.0261581351359685,0.0029447168574536
502.7752380371094,0.0238352920860052,0.0031103998437107,0.100573293864727,0.0016393027388861,0.030376432215174,0.0021382135383551,0.0261492755264043,0.0029288052840814
503.4337463378906,0.0238377323995033,0.0030928962934802,0.1006998499234517,0.001638497284633,0.0303760687510172,0.0021363546426415,0.0261385412265857,0.0029126034706994
504.093994140625,0.0238387311498324,0.003075115749279,0.1008249471584955,0.0016378117568058,0.0303735742966334,0.0021347037458533,0.0261258972187836,0.0028961405965679
504.7559814453125,0.0238383690516153,0.0030570658434661,0.100948632756869,0.0016372375523597,0.030369005848964,0.0021332611061952,0.0261114270736773,0.0028794189515542
505.4197082519531,0.0238366488367319,0.0030387575585072,0.1010709136724472,0.001636778644909,0.0303623809168736,0.0021320307913999,0.026095109557112,0.0028624549297564
506.085205078125,0.0238335916151603,0.0030202055466247,0.1011918236811955,0.0016364314209951,0.0303537125388781,0.0021310115544143,0.0260769786934057,0.002845270067213
506.7524108886719,0.0238292310386896,0.0030014144706255,0.1013113955656687,0.001636194442826,0.0303430503855148,0.0021302055643191,0.0260570600628852,0.0028278632674092
507.4214172363281,0.0238236216207345,0.0029824025824713,0.1014296745260556,0.0016360679070116,0.030330437173446,0.0021296130480262,0.0260353946437438,0.0028102641771255
508.0921630859375,0.0238167767723401,0.0029631725941488,0.1015466863910357,0.0016360517858703,0.0303158880521853,0.0021292354908335,0.0260119969646135,0.0027924741488435
508.76470947265625,0.0238087136298418,0.0029437359447037,0.1016624520222346,0.0016361370780937,0.0302994430065155,0.0021290722392665,0.0259868844101826,0.0027745116364124
509.4390258789063,0.0237994683285554,0.0029241105357309,0.1017770335078239,0.0016363282043874,0.0302811374266942,0.0021291197936852,0.0259600958476463,0.0027563910880415
510.1151428222656,0.02378907452027,0.0029042959280211,0.1018904681007067,0.0016366208302892,0.0302609987556934,0.0021293756891218,0.0259316589683294,0.0027381229586382
510.7930603027344,0.0237775570402542,0.0028843113125409,0.1020027711987495,0.0016370112062013,0.0302390780299901,0.0021298411759897,0.0259015951305627,0.0027197226644339
511.4727478027344,0.0237649414688348,0.0028641634741987,0.1021139994263649,0.0016375031744618,0.0302154039343198,0.0021305080863176,0.0258699441949526,0.0027011997081297
512.154296875,0.0237512701501448,0.0028438598346976,0.1022241905331611,0.0016380917676441,0.030190023779869,0.0021313774963835,0.0258367297550042,0.0026825706454376
512.837646484375,0.0237365540117025,0.0028234150878394,0.1023333951830864,0.0016387701434937,0.0301629646370808,0.0021324395383377,0.0258019852141539,0.0026638441986216
513.5227661132812,0.0237208392471075,0.0028028374668648,0.1024416436751683,0.0016395405931716,0.0301342699676752,0.002133694845391,0.0257657498121261,0.0026450360190206
514.2097778320312,0.0237041289607683,0.0027821352224687,0.1025490005811055,0.0016403966413396,0.0301039772729078,0.0021351357246242,0.0257280319929122,0.0026261563177368
514.8986206054688,0.0236864625165859,0.002761324112526,0.102655483285586,0.0016413449033047,0.0300721341123183,0.0021367546533873,0.0256888799369335,0.0026072225774684
515.5892944335938,0.0236678839971621,0.0027404069901785,0.1027611672878265,0.0016423768224534,0.0300387834509213,0.0021385486125971,0.025648333504796,0.0025882384255212
516.2818603515625,0.0236483873178561,0.0027193917632687,0.1028660843769709,0.0016434880751926,0.0300039493789275,0.0021405023785985,0.0256064044932524,0.0025692199861722
516.9762573242188,0.0236280012875795,0.0026983002807356,0.1029702708125114,0.0016446788042751,0.0299676805734634,0.002142615645835,0.0255631234496831,0.0025501773872564
517.6725463867188,0.0236067539701859,0.0026771324513853,0.1030737986167271,0.001645946060136,0.0299300207446018,0.0021448804593474,0.0255185265094041,0.0025311269111955
518.3706665039062,0.0235846913109223,0.0026558957117764,0.1031767055392265,0.0016472908291405,0.0298910162101189,0.0021472855499852,0.0254726616044839,0.002512070931409
519.0707397460938,0.0235617807755867,0.0026346064438286,0.1032790437340736,0.0016487019937573,0.0298506890734036,0.0021498219620111,0.0254255273689826,0.0024930285268973
519.7726440429688,0.0235380962491035,0.0026132672056934,0.1033808638652165,0.0016501838110248,0.0298091050237417,0.0021524779373053,0.0253771803031365,0.002474006295576
520.4765014648438,0.023513617242376,0.0025918917341589,0.1034822031855583,0.0016517392147522,0.0297662777205308,0.0021552445581541,0.0253276305894056,0.0024550084854553
521.1822509765625,0.0234883704533179,0.0025704901739619,0.103583139181137,0.0016533523198444,0.029722257827719,0.0021581168552867,0.0252769174675146,0.0024360580418956
521.889892578125,0.0234624039381742,0.0025490623792494,0.1036837011575698,0.0016550306385157,0.0296771025906006,0.0021610763131328,0.0252250887453556,0.0024171506379921
522.5994873046875,0.0234356765945752,0.0025276300248847,0.1037839502096176,0.0016567663592387,0.0296308208256959,0.0021641162243049,0.025172126541535,0.0023983071761621
523.31103515625,0.0234082659085591,0.002506189379068,0.1038839444518089,0.0016585588091051,0.0295834943652153,0.0021672236439665,0.0251181125640869,0.0023795295488706
524.0244750976562,0.0233801333854595,0.0024847502064421,0.1039837236205736,0.0016604057895785,0.0295351182421048,0.0021703856386675,0.0250630347679058,0.0023608244820615
524.7398681640625,0.0233513171474138,0.0024633221274583,0.1040833443403244,0.0016623076713885,0.0294857578972975,0.0021735943491587,0.0250069354971249,0.0023422068696033
525.4572143554688,0.0233218087504307,0.002441920670821,0.1041828691959381,0.0016642591338628,0.0294354379177093,0.0021768312021268,0.0249498354891936,0.0023236805247732
526.1765747070312,0.0232916387418905,0.002420538698766,0.1042823314666748,0.0016662547401044,0.0293842068562905,0.0021800890487111,0.0248917718728383,0.0023052517941163
526.8978271484375,0.0232608010371526,0.0023991988107249,0.1043817987044652,0.0016682989508704,0.029332107429703,0.0021833573927238,0.0248327540854613,0.0022869358559777
527.6211547851562,0.0232292803625265,0.0023778967309486,0.1044813166062037,0.0016703860803713,0.0292791463434696,0.0021866150402992,0.0247727929304043,0.0022687268442972
528.3463745117188,0.0231971102456251,0.0023566433635918,0.1045809373259544,0.0016725140871102,0.0292253851890563,0.0021898556618651,0.0247119375814994,0.0022506389503238
529.0736694335938,0.0231643096854289,0.0023354385611121,0.1046807383497556,0.0016746844854285,0.0291708638270696,0.0021930614279418,0.0246502178410689,0.0022326773207429
529.8029174804688,0.0231308282663424,0.0023143001489303,0.1047807325919469,0.0016768851623674,0.0291155965377887,0.0021962269935535,0.0245876184354225,0.0022148414368912
530.5341796875,0.0230967073390881,0.0022932300159146,0.1048809776703516,0.0016791255455138,0.0290596259136994,0.0021993335854536,0.0245241889109214,0.0021971461907936
531.2675170898438,0.0230619347343842,0.0022722292948107,0.104981555044651,0.0016813959252431,0.0290029909461736,0.0022023661930572,0.0244599377115567,0.0021795881499681
532.0028686523438,0.0230265032500028,0.0022513061440862,0.1050824955105781,0.0016836977620252,0.0289457192023595,0.0022053191658622,0.0243948860714832,0.0021621798161558
532.740234375,0.022990412885944,0.0022304692171917,0.1051838467518488,0.0016860286442285,0.0288878430922826,0.0022081736861524,0.0243290481468041,0.0021449162244392
533.4796142578125,0.022953659047683,0.0022097168072506,0.1052856693665186,0.0016883905482336,0.0288293881962696,0.0022109236525517,0.0242624421914418,0.0021278024172361
534.2211303710938,0.0229162429769833,0.0021890535271582,0.1053879981239636,0.001690776201236,0.0287703916430473,0.0022135485135271,0.0241950915505488,0.0021108429533951
534.9646606445312,0.0228781251857678,0.0021684920208888,0.1054909020662307,0.0016931805403447,0.0287108692030111,0.0022160407269898,0.0241269802053769,0.0020940434779801
535.7102661132812,0.0228393393258253,0.0021480264779463,0.1055944184462229,0.0016956107716164,0.0286508680631717,0.0022183887215701,0.0240581644078095,0.0020774051146198
536.4579467773438,0.0227998439222574,0.0021276716526491,0.1056985899806022,0.0016980602365609,0.0285904030005137,0.0022205820085135,0.0239886209368705,0.0020609282818399
537.2077026367188,0.0227596533795197,0.0021074201230829,0.105803478260835,0.0017005287983701,0.0285295115162928,0.0022226046243838,0.0239183916399876,0.0020446141093713
537.9595947265625,0.0227187402546405,0.0020872794141533,0.1059091255068779,0.0017030170185151,0.0284682081391414,0.0022244487063494,0.0238474670797586,0.0020284651349481
538.7135620117188,0.0226770802090565,0.0020672516706578,0.1060155640045801,0.0017055191833418,0.0284065126130978,0.0022261039534533,0.0237758487462997,0.0020124819245847
539.4696655273438,0.0226346754779418,0.0020473389505918,0.1061228493849436,0.0017080378329236,0.0283444559822479,0.0022275574497502,0.0237035603572924,0.0019966633328559
540.2279052734375,0.0225915250678857,0.0020275464425369,0.1062310362855593,0.0017105668353982,0.0282820815841356,0.0022288038552732,0.0236306309700012,0.0019810157807158
540.98828125,0.0225475950787464,0.0020078708231781,0.106340147058169,0.0017131111705403,0.0282193839550018,0.0022298269285398,0.0235570350040992,0.0019655325136339
541.7507934570312,0.022502863407135,0.0019883163415824,0.1064502398173014,0.001715665068687,0.0281563910345236,0.0022306224926745,0.0234827833871046,0.0019502184893061
542.5154418945312,0.0224573271969954,0.001968889535347,0.1065613433718681,0.0017182289469543,0.0280931317557891,0.002231181888463,0.0234078951179981,0.0019350687810542
543.2822875976562,0.0224109598745902,0.0019495815986362,0.1066735004385312,0.0017208001327277,0.0280296100924412,0.0022314950540129,0.0233323693275451,0.0019200840172161
544.05126953125,0.0223637507607539,0.0019303980661829,0.1067867621779441,0.0017233801632833,0.027965868388613,0.0022315590151035,0.0232562124729156,0.0019052625472967
544.8224487304688,0.0223156822224458,0.0019113369832981,0.1069011544187863,0.001725967931041,0.0279019106179475,0.0022313604027503,0.0231794286519289,0.0018906067426083
545.5958251953125,0.0222667324046293,0.0018924033249368,0.1070167109370231,0.0017285583721522,0.0278377598772446,0.0022308989700813,0.0231020199755827,0.0018761121000623
546.371337890625,0.0222168919940789,0.0018735925725652,0.1071334858735402,0.0017311561029732,0.0277734391391277,0.0022301677670955,0.0230239960054556,0.0018617825048785
547.1491088867188,0.0221661179016033,0.0018549038782657,0.1072514906525611,0.0017337542699077,0.0277089439332485,0.0022291615388663,0.0229453463107347,0.0018476059206323
547.9291381835938,0.0221144249041875,0.0018363381325253,0.1073707814017931,0.0017363553650157,0.0276443198323249,0.0022278732173612,0.022866091132164,0.001833592143105
548.7113037109375,0.0220617838203907,0.0018178922185864,0.1074913596113522,0.0017389612606084,0.0275795732935269,0.0022263040568138,0.0227862312148014,0.0018197317485054
549.4957885742188,0.0220081609984238,0.0017995709089349,0.1076132958134015,0.0017415664684616,0.0275147072970867,0.0022244518682004,0.022705752775073,0.0018060271506079
550.282470703125,0.0219535540789365,0.0017813684354312,0.1077365746100743,0.0017441740871064,0.0274497558673222,0.0022223095245813,0.0226246769229571,0.0017924734824837
551.0714111328125,0.0218979441871245,0.0017632725909236,0.1078612650434176,0.00174677920308,0.0273847145338853,0.0022198789905573,0.0225429944694042,0.0017790702551845
551.8626098632812,0.0218413150558869,0.0017452985840803,0.107987372080485,0.0017493826148894,0.0273196142166852,0.0022171625155083,0.0224607182045777,0.0017658131952289
552.6561279296875,0.0217836529016494,0.0017274360820955,0.1081149200598398,0.0017519844233299,0.0272544729212919,0.0022141547683794,0.0223778420438369,0.0017527078702403
553.451904296875,0.0217249374836683,0.0017096864066841,0.10824393282334,0.0017545872045333,0.0271892963598171,0.0022108640433974,0.0222943728168805,0.0017397422399263
554.25,0.0216651637107133,0.0016920380010374,0.1083744381864865,0.0017571855347754,0.0271241001784801,0.0022072887471933,0.0222103188435236,0.0017269232232446
555.0503540039062,0.0216043063749869,0.0016744958222978,0.108506454527378,0.001759779037055,0.0270588919520378,0.002203428010619,0.0221256807446479,0.0017142392096595
555.85302734375,0.0215423577775557,0.001657058020915,0.1086400046944618,0.0017623664189482,0.0269936999926964,0.002199296908959,0.0220404617488384,0.0017017000488919
556.6580810546875,0.0214793264865875,0.0016397132260829,0.1087750946482022,0.0017649527136347,0.0269285404433806,0.0021948937889363,0.0219546765089035,0.0016892963120928
557.4653930664062,0.0214151679227749,0.00162247104714,0.1089117467403411,0.0017675338546929,0.0268634174019098,0.0021902202354488,0.0218683155874411,0.0016770252368216
558.2750854492188,0.0213498933861653,0.0016053186237496,0.109049974878629,0.0017701046630655,0.0267983498672644,0.0021852945870706,0.0217813838273286,0.0016648931493853
559.087158203125,0.0212835263460874,0.0015882499728898,0.1091898103555043,0.0017726700477379,0.0267333690077066,0.0021801187505708,0.021693933258454,0.0016528879798519
559.9015502929688,0.0212160162627697,0.0015712705734045,0.1093312293291091,0.0017752299461694,0.0266684684902429,0.0021747026586362,0.0216059178113937,0.0016410209333895
560.7183837890625,0.0211473838736613,0.0015543742148882,0.109474259118239,0.001777780582599,0.0266036733984947,0.0021690551340345,0.02151738529404,0.0016292753156367
561.5375366210938,0.0210776237150033,0.0015375571664226,0.1096189096570015,0.0017803219458155,0.0265390119204918,0.0021631868645976,0.0214283263931671,0.0016176660600367
562.359130859375,0.0210067446033159,0.0015208133061787,0.1097651888926824,0.0017828548935783,0.0264744824419418,0.0021571142576494,0.0213387660682201,0.0016061825826403
563.18310546875,0.0209347423166036,0.0015041396191737,0.1099130799372991,0.0017853806194996,0.0264101223399241,0.0021508494849648,0.0212487138807773,0.0015948253426303
564.009521484375,0.0208616192142168,0.0014875421190566,0.1100626190503438,0.0017878952313286,0.0263459296276172,0.0021444033389881,0.0211581899474064,0.0015835981500892
564.83837890625,0.0207874129215876,0.0014710034957483,0.1102137903372446,0.0017903988382497,0.0262819488843282,0.0021377960761633,0.0210672162473201,0.0015724968941152
565.6696166992188,0.0207120935122172,0.0014545287844577,0.1103665709495544,0.0017928908049316,0.0262181706726551,0.0021310454539716,0.0209757989893356,0.0015615164850584
566.5033569335938,0.0206357086698214,0.0014381188737791,0.1105209941665331,0.0017953701012066,0.0261546518653631,0.0021241652053847,0.0208839779098828,0.0015506675687474
567.3395385742188,0.0205582501987616,0.0014217620659817,0.1106770182649294,0.0017978339403643,0.0260913786788781,0.0021171753857894,0.020791758224368,0.0015399400941569
568.1781616210938,0.0204797595739364,0.001405464927733,0.1108346790075302,0.0018002899320158,0.0260284059991439,0.0021100998319947,0.0206991801659266,0.0015293428963074
569.0193481445312,0.0204002463569243,0.0013892214320491,0.1109939356644948,0.0018027275480632,0.0259657323360443,0.0021029515624112,0.0206062649687131,0.0015188720095659
569.8629760742188,0.0203197305401166,0.0013730381466127,0.111154793202877,0.0018051518452002,0.0259033938248952,0.0020957603610004,0.0205130466570456,0.0015085299915093
570.7091064453125,0.0202382537225882,0.0013568985570072,0.1113172262907028,0.0018075628161727,0.0258414155493179,0.0020885520494593,0.0204195541640122,0.0014983135266861
571.5577392578125,0.02015586035947,0.001340815587616,0.111481245358785,0.0018099553378612,0.025779828056693,0.0020813423220752,0.0203258371601502,0.0014882253887597
572.408935546875,0.0200725534309943,0.0013247873628576,0.1116468062003453,0.001812331948762,0.0257186544438203,0.0020741663660039,0.0202319181213776,0.0014782744573516
573.2626342773438,0.0199883780131737,0.0013088108075692,0.1118139093120892,0.0018146938027678,0.0256579057623942,0.0020670387803541,0.0201378272225459,0.00146844902233
574.1189575195312,0.0199033974359432,0.0012928905096947,0.1119825189312299,0.0018170334542425,0.0255976434797048,0.0020599933301246,0.0200436287870009,0.0014587589848455
574.977783203125,0.0198176380246877,0.0012770335891139,0.1121526286005973,0.0018193551072717,0.0255378817518552,0.0020530640733172,0.0199493613094091,0.0014492032866486
575.8391723632812,0.0197311489532391,0.001261235329056,0.1123242080211639,0.0018216598883913,0.0254786455382903,0.0020462702935219,0.0198550647745529,0.001439782805588
576.7031860351562,0.019643989081184,0.0012455073805048,0.1124972363313039,0.0018239399600051,0.025419965510567,0.0020396462116164,0.0197607995321353,0.0014305037383873
577.5697631835938,0.0195562203725179,0.0012298459679,0.1126716802517573,0.0018262038235331,0.0253619011491537,0.0020332228887882,0.019666614383459,0.0014213641164073
578.43896484375,0.0194678929944833,0.0012142678097357,0.1128474920988082,0.0018284415948005,0.0253044605255126,0.0020270280885479,0.0195725757628679,0.001412369944014
579.310791015625,0.0193790550033251,0.0011987747348428,0.1130246733625729,0.0018306575791688,0.0252476751804351,0.0020210957282291,0.0194787210474411,0.0014035217804176
580.1852416992188,0.0192897904664278,0.0011833778120998,0.1132031788428624,0.0018328496816736,0.0251915898174047,0.0020154555764544,0.0193851223836342,0.0013948216119475
581.0623168945312,0.0192001700401306,0.0011680885954551,0.1133829658230145,0.0018350140713159,0.0251362388332684,0.0020101370014854,0.019291848813494,0.0013862756471684
581.9420776367188,0.0191102537016073,0.0011529168782525,0.1135639985402425,0.0018371578408192,0.0250816521545251,0.0020051780635106,0.0191989544779062,0.0013778849930745
582.824462890625,0.019020140916109,0.0011378745928277,0.1137462491790453,0.0018392741221397,0.0250278870264689,0.0020006085394929,0.0191065277904272,0.001369652827778
583.7095947265625,0.018929890419046,0.0011229856563185,0.1139296501874923,0.0018413637175959,0.0249749489128589,0.0019964524803858,0.0190146264930566,0.001361586322746
584.5973510742188,0.0188395968327919,0.0011082578290113,0.1141141787171363,0.0018434229534653,0.0249228980392217,0.0019927507007391,0.0189233303070068,0.0013536856318348
585.4878540039062,0.0187493409961462,0.0010937116543356,0.1142997791369756,0.0018454521436387,0.0248717613518238,0.0019895253452292,0.0188327113787333,0.0013459554506701
586.3810424804688,0.0186592095841964,0.0010793753503031,0.1144864002863566,0.0018474552156819,0.0248215728749831,0.0019868091717932,0.0187428560107946,0.0013384109906189
587.2769775390625,0.0185693209369977,0.0010652637469134,0.1146739959716796,0.0018494234243432,0.0247723856319983,0.001984630425392,0.0186538440485795,0.0013310416141056
588.1756591796875,0.0184797433515389,0.0010513979378541,0.1148625289400418,0.0018513611259767,0.0247242209812005,0.001983016714751,0.0185657564550638,0.0013238595518667
589.0771484375,0.0183905839920043,0.001037812917934,0.1150519202152888,0.0018532659772722,0.0246771153062582,0.0019819936713553,0.0184786768009265,0.0013168754827726
589.9813232421875,0.0183019472906986,0.0010245363507529,0.1152421181400617,0.0018551369929055,0.0246311115721861,0.0019815794273649,0.0183926877876122,0.001310092058099
590.8883056640625,0.018213947986563,0.0010115938341095,0.1154330725471178,0.0018569719666017,0.0245862450450658,0.0019818040113754,0.018307900801301,0.0013035143010293
591.798095703125,0.0181266815712054,0.0009990239332721,0.1156247183680534,0.0018587689996664,0.0245425446579853,0.0019826821635207,0.0182243866225083,0.0012971557631917
592.710693359375,0.0180402564505736,0.0009868496104829,0.1158169786135355,0.0018605310035984,0.0245000513891379,0.0019842325953651,0.0181422443439563,0.0012910163389742
593.6260986328125,0.0179547939449548,0.0009751190311544,0.1160098055998484,0.0018622560582613,0.0244587884594996,0.0019864739628951,0.0180615577846765,0.0012851084009261
594.5443115234375,0.0178703987350066,0.0009638582929871,0.1162031153837839,0.0018639406882473,0.0244187907626231,0.0019894184311607,0.0179824353506167,0.0012794421476971
595.4653930664062,0.0177871937553087,0.0009531119865455,0.1163968493541081,0.0018655875536168,0.0243800900876522,0.0019930736903222,0.0179049571355183,0.0012740294854176
596.3893432617188,0.0177052895228068,0.0009429157540358,0.1165909364819526,0.0018671902134121,0.0243427130083243,0.0019974510161624,0.0178292280063033,0.0012688755057765
597.316162109375,0.0176247995346784,0.0009333060612122,0.1167852903405825,0.0018687544600629,0.0243066802620887,0.0020025573498872,0.017755331719915,0.0012639940092538
598.245849609375,0.0175458565354347,0.0009243253442389,0.1169798423846562,0.0018702725092382,0.0242720353106657,0.0020083913606142,0.0176833707218368,0.0012593983419538
599.1784057617188,0.0174685734013716,0.0009160070011643,0.1171745151281356,0.0018717479120558,0.0242387848595778,0.0020149542852822,0.0176134415591756,0.0012550946061917
600.1139526367188,0.017393048107624,0.0009083934096204,0.1173692226409912,0.0018731794968047,0.0242069362352291,0.0020222398959421,0.0175456120943029,0.0012511038638026
601.0523681640625,0.0173194301625092,0.0009015156891131,0.1175638784964879,0.001874561370918,0.0241765305399894,0.002030248090537,0.0174800019090374,0.0012474340447573
601.9937133789062,0.0172478063652912,0.0008954050758225,0.1177583868304888,0.0018758987588926,0.0241475597023963,0.0020389654176503,0.0174166832119226,0.001244102133715
602.9380493164062,0.0171783216297626,0.000890091795748,0.1179526870449384,0.0018771873753753,0.0241200615962346,0.0020483805771681,0.0173557481418053,0.0012411188242304
603.8853759765625,0.0171110659837722,0.0008856007334811,0.1181466544667879,0.0018784267774897,0.0240940193335215,0.0020584771333293,0.0172972810144225,0.0012385075444552
604.8356323242188,0.0170461628586053,0.0008819603875908,0.118340224524339,0.0018796147834679,0.0240694537758827,0.0020692429580888,0.0172413489470879,0.0012362754109656
605.7888793945312,0.0169837195426225,0.0008791809454458,0.1185332829753557,0.0018807531088428,0.0240463572243849,0.0020806566072875,0.0171880489836136,0.0012344428911127
606.7451782226562,0.0169238403439521,0.0008772736627023,0.1187257518370946,0.0018818404162402,0.0240247384955485,0.0020926918578494,0.0171374422187606,0.0012330309343198
607.7044677734375,0.0168666263421376,0.0008762495632816,0.118917507926623,0.0018828729893898,0.0240045771002769,0.0021053293157165,0.017089601047337,0.001232045125654
608.6668090820312,0.0168121755123138,0.0008761074577848,0.1191084658106168,0.0018838517887126,0.0239858644704024,0.0021185405807394,0.0170445947597424,0.0012315155114315
609.6322021484375,0.0167605909208456,0.0008768405131829,0.119298513730367,0.0018847761235073,0.0239686080565055,0.002132297491146,0.0170024774347742,0.0012314493415515
610.6006469726562,0.0167119501158595,0.0008784415751549,0.11948754042387,0.0018856453386476,0.0239527689913908,0.0021465716389565,0.0169633040204644,0.0012318654179873
611.5722045898438,0.0166663407658537,0.0008808897981695,0.1196754470467567,0.0018864562564955,0.0239383349816004,0.0021613268485044,0.0169271203999718,0.0012327871445769
612.5468139648438,0.0166238336513439,0.0008841677021911,0.1198621153831482,0.0018872106809304,0.0239252700159947,0.0021765364212566,0.016893974567453,0.0012342221459601
613.5245971679688,0.0165845147023598,0.0008882404930969,0.1200474306941032,0.0018879056343922,0.0239135549714167,0.0021921589522918,0.0168639081219832,0.0012361930772704
614.5054931640625,0.0165484375630815,0.0008930810550068,0.1202312871813774,0.0018885426245922,0.0239031583070755,0.002208167392735,0.0168369344746073,0.0012387109203488
615.489501953125,0.0165156630799174,0.0008986521480789,0.120413560171922,0.001889116140123,0.0238940212875604,0.0022245176330971,0.0168130949139595,0.0012417909937914
616.4766845703125,0.0164862344662348,0.0009049140722882,0.1205941329399744,0.0018896297663246,0.0238861162215471,0.0022411795706381,0.0167923933515946,0.0012454495919042
617.4669799804688,0.0164601946249604,0.0009118215454177,0.1207728723684946,0.0018900849090926,0.0238793996473153,0.0022581124301884,0.0167748309671878,0.0012496922217342
618.4605102539062,0.0164375911777218,0.0009193348926378,0.1209496716658274,0.001890475260706,0.0238738114635149,0.0022752759210611,0.0167604341482122,0.0012545367290358
619.457275390625,0.0164184235657254,0.0009274010961954,0.1211243917544682,0.0018908012525223,0.02386928225557,0.0022926409999411,0.0167491692428787,0.0012599893685686
620.4572143554688,0.0164027125885089,0.0009359818459209,0.1212969183921814,0.0018910595319792,0.0238657588760058,0.0023101635356418,0.0167410173142949,0.0012660604137542
621.4603881835938,0.0163904774313171,0.0009450228140813,0.1214671020706494,0.0018912555709583,0.0238631796091794,0.0023278033441387,0.0167359774311383,0.0012727570859568
622.4668579101562,0.0163817123199502,0.0009544808367629,0.1216348186135292,0.0018913847218794,0.0238614741712808,0.0023455281530056,0.016734015631179,0.0012800771334225
623.4765625,0.0163763923570513,0.0009643129460206,0.121799952785174,0.0018914504213891,0.0238605632136265,0.0023632977612848,0.0167350697641571,0.0012880341407015
624.489501953125,0.016374497488141,0.0009744701314201,0.1219623277584711,0.0018914454523438,0.0238603678842385,0.0023810780817636,0.0167391069233417,0.0012966196441815
625.5057983398438,0.016375999028484,0.0009849186673994,0.122121849656105,0.0018913729986312,0.0238608051091432,0.0023988303604674,0.0167460684354106,0.0013058381663949
626.525390625,0.0163808581108848,0.0009956148680492,0.1222783615191777,0.0018912275876303,0.0238617955396572,0.002416519547821,0.0167558893561363,0.0013156873429307
627.54833984375,0.0163890276104211,0.0010065203900629,0.1224317188064257,0.0018910174591042,0.0238632513831059,0.0024341113143611,0.016768510825932,0.0013261644309832
628.5745849609375,0.0164004207278291,0.0010176092374018,0.1225817854205767,0.0018907345962178,0.0238650637368361,0.0024515718355909,0.0167838205272952,0.0013372605052083
629.6041870117188,0.0164149861782789,0.0010288453004336,0.1227284143368403,0.0018903835586837,0.0238671384751796,0.0024688633802604,0.0168017561857899,0.0013489696425269
630.63720703125,0.0164326361690958,0.0010402055953941,0.1228714570403099,0.0018899536765937,0.0238693802307049,0.0024859569486827,0.0168222144866983,0.0013612774747472
631.6736450195312,0.0164532905444502,0.0010516640121486,0.1230107769370079,0.0018894602193393,0.0238716940085093,0.0025028178645819,0.0168450924257437,0.0013741824732563
632.7134399414062,0.0164768471072117,0.001063202164106,0.123146220544974,0.0018888873576291,0.0238739613443613,0.0025194218679594,0.0168702804793914,0.0013876644924457
633.7567138671875,0.016503191863497,0.0010748027377995,0.1232776353756586,0.0018882419614002,0.023876088236769,0.0025357308624558,0.0168976604938507,0.0014017132814464
634.8033447265625,0.016532212930421,0.0010864529818753,0.1234048763910929,0.0018875222974431,0.0238779508819182,0.0025517193822865,0.0169271087894837,0.001416311169425
635.853515625,0.0165637989218036,0.0010981352713828,0.1235277950763702,0.0018867318847047,0.0238794450958569,0.0025673549311732,0.0169585091372331,0.0014314432643111
636.9071655273438,0.0165977982804179,0.0011098517696245,0.1236462379495302,0.0018858616048663,0.0238804611066977,0.0025826172121519,0.0169916945199171,0.0014470929941139
637.9642944335938,0.0166340979437033,0.0011215881058454,0.1237600540121396,0.0018849211376827,0.0238808849205573,0.0025974739331237,0.0170265617469946,0.0014632391358505
639.0249633789062,0.0166725418840845,0.0011333444205287,0.1238690798481305,0.0018839001584733,0.0238805919885635,0.0026118958479349,0.0170629536733031,0.0014798633546354
640.089111328125,0.0167129820212721,0.0011451138998998,0.1239731853206952,0.001882806247404,0.0238794881850481,0.002625866832822,0.017100701170663,0.0014969466060101
641.1568603515625,0.0167552619551618,0.0011569062404161,0.1240721826752026,0.001881628052247,0.0238774377852678,0.0026393554573916,0.0171396755923827,0.0015144653538801
642.2281494140625,0.0167992322395245,0.0011687097007324,0.1241659527023633,0.0018803787194271,0.0238743527481953,0.002652341911874,0.0171797098591923,0.0015323962768462
643.3030395507812,0.0168447092796365,0.0011805413262433,0.1242543225487073,0.0018790484174035,0.0238700859248638,0.0026648004878017,0.017220635463794,0.0015507244381546
644.3815307617188,0.0168915418287118,0.0011923949907479,0.1243371451894442,0.0018776451103966,0.0238645603259404,0.0026767137808804,0.017262290790677,0.0015694191113441
645.463623046875,0.0169395458574096,0.0012042762580182,0.1244142562150955,0.0018761596026063,0.0238576474289099,0.0026880558009766,0.0173045048490166,0.0015884624992255
646.5493774414062,0.0169885570804278,0.0012161944632736,0.124485511581103,0.0018745940917618,0.0238492477685213,0.0026988071448742,0.0173471214870611,0.0016078234767346
647.6387939453125,0.0170383847008148,0.0012281504460191,0.124550774693489,0.0018729519615179,0.0238392520695924,0.0027089467110647,0.0173899528260032,0.0016274870474055
648.7318725585938,0.0170888510222236,0.0012401562653939,0.1246098577976226,0.0018712291546899,0.02382754261295,0.0027184582939252,0.0174328248947858,0.0016474239088544
649.8286743164062,0.0171397972851991,0.0012522102537244,0.1246626372138659,0.0018694271296371,0.0238140574345986,0.0027273198297349,0.017475585391124,0.0016676104061083
650.9291381835938,0.0171910030767321,0.001264325543718,0.124708949526151,0.0018675471241428,0.0237986821681261,0.0027355120003254,0.0175180292377869,0.0016880238290938
652.0333862304688,0.0172423205648859,0.0012764988906781,0.1247486650943756,0.0018655858343838,0.0237813279032707,0.0027430161494162,0.0175600041324893,0.0017086376940784
653.141357421875,0.0172935315097371,0.0012887433886066,0.1247816185156504,0.0018635459665877,0.0237619139254093,0.0027498184958534,0.01760130772988,0.0017294316556044
654.2531127929688,0.0173444737369815,0.0013010569503277,0.1248076766729354,0.0018614258281005,0.0237403600166241,0.0027559001993871,0.0176417818913857,0.0017503799059838
655.36865234375,0.0173949592436353,0.001313447473502,0.1248266955216725,0.0018592238816748,0.0237165948996941,0.0027612401347594,0.0176812483618656,0.0017714513093404
656.488037109375,0.0174448075393835,0.0013259149368863,0.1248385185996691,0.0018569423972772,0.0236905475457509,0.0027658254282373,0.0177195342257618,0.001792629975523
657.6112060546875,0.0174938347190618,0.001338465104822,0.1248430316646893,0.001854581932729,0.0236621669183174,0.0027696349967767,0.0177564652015765,0.0018138916711412
658.7382202148438,0.0175418635830283,0.0013510964322317,0.1248400876919428,0.0018521387778523,0.0236314058303833,0.0027726577317668,0.0177918677528699,0.0018352053249117
659.869140625,0.017588711840411,0.0013638095467757,0.1248295590281486,0.0018496199024978,0.0235982054223616,0.0027748746961328,0.0178255694607893,0.0018565569788104
661.0039672851562,0.0176341963931918,0.0013766027461767,0.1248113100727399,0.0018470191264294,0.0235625425974527,0.0027762708383664,0.017857395298779,0.0018779137753317
662.1426391601562,0.0176781638214985,0.0013894766759391,0.1247852355241775,0.0018443401036491,0.0235243969907363,0.0027768270614386,0.0178871989250183,0.0018992570270839
663.2852783203125,0.0177204453696807,0.0014024262306312,0.1247511804103851,0.0018415784713704,0.0234837534526983,0.0027765306377773,0.01791481928279,0.0019205639202879
664.431884765625,0.0177608593677481,0.0014154492425863,0.1247090642650922,0.0018387418873754,0.0234406018008788,0.0027753707379948,0.0179400874301791,0.0019418069339902
665.5824584960938,0.0177992600947618,0.0014285391199957,0.1246587534745534,0.0018358271045784,0.023394958799084,0.0027733238918271,0.0179628506302833,0.0019629664551264
666.7369995117188,0.0178354737038413,0.0014416884483145,0.1246001412471135,0.0018328282936014,0.0233468276758988,0.0027703758313509,0.0179829565187295,0.0019840211202795
667.8955688476562,0.0178693850214282,0.00145489065747,0.1245331376791,0.00182975776231,0.0232962700227896,0.0027665135110301,0.0180002965653936,0.0020049443058837
669.0581665039062,0.0179008033747474,0.0014681370630643,0.1244576344887415,0.0018266043471842,0.0232432990024487,0.0027617274167687,0.0180146812150875,0.0020257165702732
670.2247924804688,0.0179296125968297,0.001481416607926,0.1243735502163569,0.0018233786168046,0.0231880012899637,0.0027559975543042,0.0180259966601928,0.002046311918189
671.3955078125,0.0179556695123513,0.0014947124546551,0.1242808029055595,0.0018200695257208,0.02313044394056,0.0027493086262232,0.0180341176067789,0.0020667100551514
672.5703735351562,0.0179788601274291,0.0015080232200585,0.12417930016915,0.0018166897824056,0.0230706948786973,0.0027416501610153,0.0180389334758122,0.002086889341215
673.749267578125,0.0179990527530511,0.0015213210732248,0.1240689838925997,0.0018132340409742,0.0230088764180739,0.0027330092083508,0.018040323878328,0.00210682426657
674.932373046875,0.0180161512767275,0.0015345995594203,0.1239497865239779,0.0018096993670929,0.0229451183229684,0.0027233725022473,0.0180381883556644,0.0021264913111344
676.11962890625,0.0180300333847602,0.0015478342311884,0.1238216549158096,0.0018060989824128,0.0228795427829027,0.0027127293539461,0.018032425828278,0.002145867013579
677.31103515625,0.0180406173691153,0.001561010025534,0.1236845403909683,0.001802416102917,0.0228123093644777,0.002701066307812,0.0180229541535178,0.0021649324647146
678.5066528320312,0.018047820093731,0.0015741025990587,0.123538405696551,0.0017986621801217,0.0227435982475678,0.0026883757965978,0.0180097094426552,0.0021836595823581
679.70654296875,0.018051559664309,0.0015870916334785,0.1233832230170567,0.0017948396377482,0.0226735933373371,0.0026746492964299,0.0179926092425982,0.002202024514527
680.91064453125,0.0180517849822839,0.0015999568606417,0.1232189670205116,0.0017909437330698,0.0226025042434533,0.0026598802072772,0.0179716171696782,0.0022200006145169
682.1190185546875,0.0180484444523851,0.0016126656557857,0.1230456416805585,0.0017869768650644,0.0225305800636609,0.0026440592509676,0.0179466887687643,0.0022375645945637
683.3317260742188,0.018041505664587,0.0016251924255663,0.1228632385532061,0.0017829422031855,0.0224580564846595,0.0026271869462796,0.017917804295818,0.0022546872750332
684.5487060546875,0.0180309329802791,0.0016375076021465,0.1226717705527941,0.001778837557027,0.0223852127790451,0.002609257911841,0.0178849431996544,0.0022713391209267
685.7700805664062,0.0180167408039172,0.0016495851057419,0.1224712590376536,0.0017746674774731,0.0223123360425233,0.002590278367935,0.0178481286391615,0.0022874897670451
686.9957885742188,0.0179989294459422,0.0016613894880767,0.122261739273866,0.0017704316257012,0.0222397564599911,0.0025702463388527,0.0178073810413479,0.0023031128600851
688.2258911132812,0.017977548080186,0.0016728862817109,0.1220432594418525,0.0017661269656654,0.0221677926679452,0.0025491703867853,0.0177627651641766,0.0023181705333452
689.4603881835938,0.0179526106143991,0.001684045193033,0.121815883119901,0.0017617617764479,0.0220968073854843,0.0025270547634693,0.0177143159011999,0.0023326307012917
690.6993408203125,0.0179242192457119,0.0016948235928829,0.1215796778599421,0.0017573324737986,0.0220271983494361,0.002503921074352,0.0176621465012431,0.0023464545221827
691.9428100585938,0.0178924450650811,0.0017051890787883,0.1213347320755322,0.0017528428591883,0.0219593385855356,0.0024797802839543,0.0176063606515526,0.0023596075639514
693.190673828125,0.0178574205065766,0.0017151021703336,0.1210811475912729,0.0017482921416567,0.021893665070335,0.0024546560457708,0.0175471046939492,0.0023720396716161
694.443115234375,0.0178192819158236,0.0017245242794715,0.1208190386494,0.0017436842452144,0.0218306254595518,0.002428572930283,0.0174845579390724,0.0023837087719787
695.7000122070312,0.0177781776214639,0.0017334129225383,0.1205485289295514,0.0017390161885081,0.0217706556121508,0.0024015666677392,0.0174188815057277,0.0023945730822839
696.9615478515625,0.0177343275398015,0.0017417321957934,0.1202697783708572,0.0017342949648751,0.0217142624159654,0.0023736696169355,0.0173503341774145,0.0024045734175401
698.2276000976562,0.0176879545673728,0.0017494389502099,0.1199829359849294,0.0017295177955506,0.0216619305312633,0.0023449318254547,0.0172791767865419,0.0024136587594342
699.498291015625,0.0176393091057737,0.0017564912213367,0.1196881885329882,0.0017246867508319,0.0216141896943251,0.002315391545977,0.0172056959321101,0.0024217679186302
700.7736206054688,0.0175886925309896,0.001762857093382,0.1193857197960217,0.0017198074889572,0.021571538473169,0.0022851157702091,0.0171302397424976,0.0024288403386062
702.0535888671875,0.0175364381323258,0.0017684955138649,0.1190757448474566,0.0017148740448639,0.0215345380206902,0.0022541597617516,0.017053190122048,0.002434808861119
703.3382568359375,0.0174829037239154,0.0017733676199745,0.1187584986289342,0.0017098950388766,0.0215037487447261,0.0022226025093738,0.0169749486570556,0.0024396029740283
704.627685546875,0.0174285074695944,0.0017774453043383,0.1184342145919799,0.0017048724145452,0.0214797099431355,0.0021905143140398,0.0168960036089022,0.0024431443863181
705.9217529296875,0.0173736869047085,0.0017806961274119,0.1181031535069147,0.0016998042259693,0.0214629929512739,0.0021579893971786,0.0168168455362319,0.0024453558624788
707.2206420898438,0.0173189244543512,0.0017830915594163,0.1177656119068463,0.0016946937728671,0.0214541540791591,0.0021251172350625,0.0167380217462778,0.0024461554411049
708.5242919921875,0.017264771896104,0.0017846143990163,0.1174218674500783,0.0016895417546868,0.0214537569632132,0.0020920017260185,0.0166601605092485,0.0024454534120996
709.832763671875,0.0172117931147416,0.0017852422623713,0.1170722484588623,0.0016843559274704,0.0214623723179101,0.0020587526881444,0.0165838966146111,0.0024431630899075
711.1461181640625,0.0171605951463182,0.0017849705075158,0.1167170713345209,0.0016791292558856,0.0214805216838916,0.0020254872534962,0.0165099254498879,0.0024391840658904
712.4642944335938,0.0171118510887026,0.0017837967012923,0.1163567056258519,0.0016738724778892,0.0215087560315926,0.0019923323698346,0.016438998406132,0.0024334283176349
713.7874145507812,0.0170662644008795,0.0017817326542775,0.1159914990266164,0.0016685829974422,0.0215475751707951,0.0019594191172053,0.0163719166070222,0.002425801997488
715.1154174804688,0.0170245617628097,0.0017787894769546,0.1156218657890955,0.0016632635536143,0.0215974892179171,0.0019268822638439,0.0163094881922006,0.0024162047388863
716.4483642578125,0.0169875552256902,0.0017750057404047,0.1152481853961944,0.0016579217751039,0.0216589583704868,0.0018948656343437,0.0162526228154699,0.0024045607396228
717.7863159179688,0.0169560299565394,0.0017704302010407,0.1148708676298459,0.0016525528434113,0.0217323950181404,0.0018635114328082,0.0162022064750393,0.0023907827387201
719.1292724609375,0.0169308378671606,0.0017651248884253,0.1144903649886449,0.0016471653417851,0.0218182110538085,0.0018329722287161,0.0161591799308856,0.0023748034348163
720.4772338867188,0.01691283856829,0.0017591719024517,0.1141071140766143,0.0016417597539605,0.0219167672097682,0.0018033833044252,0.0161244882270693,0.0023565654889247
721.8302612304688,0.016902917685608,0.0017526794701027,0.1137215713659922,0.0016363377109774,0.0220283554246028,0.0017748955814881,0.0160991157094637,0.0023360418318448
723.1884155273438,0.0169019870460033,0.0017457778130011,0.113334214190642,0.001630905940891,0.022153245533506,0.0017476426184324,0.0160840400184194,0.0023132247342133
724.5516357421875,0.0169109147662917,0.001738622459397,0.1129455437262853,0.0016254647438591,0.022291658570369,0.0017217589734825,0.0160802021001776,0.0022881394941573
725.9200439453125,0.0169305869067708,0.0017313893527499,0.1125560293594996,0.001620019834764,0.022443729514877,0.0016973579582545,0.0160885422180096,0.0022608530610529
727.2936401367188,0.0169618733227252,0.0017242904705731,0.1121661946177482,0.0016145686287201,0.0226095577081044,0.0016745487463732,0.0161099733163913,0.0022314676657555
728.6724243164062,0.0170055829609433,0.001717558631673,0.1117765456438064,0.001609121123049,0.0227891897161801,0.001653423212043,0.0161453160767753,0.0022001400816366
730.0564575195312,0.0170625144615769,0.0017114511908089,0.1113876005013783,0.0016036798206542,0.0229825733850399,0.0016340552941652,0.0161953849717974,0.0021670763415906
731.4457397460938,0.0171333748847246,0.0017062418133726,0.1109998866915702,0.0015982457947615,0.0231896371891101,0.0016165013088414,0.0162608604878187,0.0021325267073624
732.84033203125,0.0172188198814789,0.0017022153402286,0.1106139173110326,0.0015928218073435,0.0234102044254541,0.001600787256977,0.0163423608988523,0.0020968050260368
734.2402954101562,0.0173194305971264,0.0016996615306666,0.1102302074432373,0.0015874149170394,0.0236440600206454,0.0015869320823724,0.0164404071867465,0.0020602571856771
735.6455688476562,0.0174356608962019,0.0016988574314602,0.1098492895563443,0.0015820286172879,0.0238909030954043,0.0015749183567586,0.0165553719426194,0.0020232726680927
737.0562133789062,0.0175678712005416,0.001700064136011,0.1094716851909955,0.0015766647976647,0.0241503713031609,0.0015647175342392,0.0166875220214327,0.001986267790413
738.4723510742188,0.0177163202315568,0.0017035101754649,0.1090978766481081,0.0015713282650749,0.0244220465421676,0.0015562747720423,0.0168369866907596,0.0019496749793133
739.8938598632812,0.0178811342145005,0.0017093771306283,0.1087283715605735,0.0015660191508279,0.0247054466356833,0.0015495212385057,0.0170037578170498,0.0019139218606793
741.3209228515625,0.0180622868860761,0.0017177972815636,0.1083636517326037,0.0015607450254502,0.0249999858438968,0.0015443756754802,0.0171876811111966,0.0018794335038263
742.75341796875,0.0182596392929553,0.0017288368908981,0.1080041617155075,0.0015555076113409,0.0253050745775302,0.0015407368488666,0.0173884434004624,0.0018465970384359
744.1915283203125,0.0184728884448607,0.0017425073253381,0.1076503679156303,0.0015503106307948,0.0256200095017751,0.0015384959872673,0.0176055916895469,0.001815764598237
745.6351928710938,0.018701603077352,0.0017587521470268,0.107302658756574,0.0015451558291168,0.025944073498249,0.0015375405136071,0.0178385298078258,0.0017872295567174
747.08447265625,0.0189451854676008,0.001777455400782,0.1069614534576734,0.0015400468612495,0.0262764411667982,0.0015377507284059,0.0180864952504634,0.0017612251576536
748.5393676757812,0.019202900926272,0.0017984553213969,0.1066271106402079,0.0015349863878816,0.0266162820160388,0.0015390095510496,0.0183485895395278,0.001737918635133
750.0,0.0194738718370596,0.0018215472885953,0.1062999382615089,0.0015299761738071,0.0269626722981532,0.0015412022200445,0.01862378641963,0.0017174038708199
