seed,hf,lf_mult,dataset_name,status,metrics.y_rmse.hf_only,metrics.y_rmse.ar1,metrics.y_rmse.ours
366,50,5,hf50_lfx05,OK,0.0684271156787872,0.0429028496146202,0.0336521379649639
366,50,5,hf50_lfx05,BAD,,,
300,50,5,hf50_lfx05,OK,0.0684233084321022,0.0429531298577785,0.0321520045399665
300,50,5,hf50_lfx05,BAD,,,
210,50,5,hf50_lfx05,OK,0.0683004036545753,0.0429169870913028,0.0308663714677095
210,50,5,hf50_lfx05,BAD,,,
220,50,5,hf50_lfx05,OK,0.0683383047580719,0.0428432263433933,0.0315791852772235
220,50,5,hf50_lfx05,BAD,,,
377,50,5,hf50_lfx05,OK,0.0684205740690231,0.0427999570965766,0.0327461324632167
377,50,5,hf50_lfx05,BAD,,,
260,50,5,hf50_lfx05,OK,0.0684353560209274,0.0428315103054046,0.0319838970899581
260,50,5,hf50_lfx05,BAD,,,
240,50,5,hf50_lfx05,OK,0.0684226751327514,0.0427906550467014,0.0303668361157178
240,50,5,hf50_lfx05,BAD,,,
355,50,5,hf50_lfx05,OK,0.0684298425912857,0.0427904315292835,0.030727406963706
355,50,5,hf50_lfx05,BAD,,,
311,50,5,hf50_lfx05,OK,0.0683575272560119,0.0427460186183452,0.0341219566762447
311,50,5,hf50_lfx05,BAD,,,
280,50,5,hf50_lfx05,OK,0.0683499053120613,0.0428335219621658,0.0322534292936325
280,50,5,hf50_lfx05,BAD,,,
399,50,5,hf50_lfx05,OK,0.0684133395552635,0.0429520532488822,0.0314101129770278
399,50,5,hf50_lfx05,BAD,,,
270,50,5,hf50_lfx05,OK,0.0684012100100517,0.0428333692252635,0.0335239991545677
270,50,5,hf50_lfx05,BAD,,,
344,50,5,hf50_lfx05,OK,0.0684192106127739,0.0428352802991867,0.0335238352417945
344,50,5,hf50_lfx05,BAD,,,
388,50,5,hf50_lfx05,OK,0.0683332607150077,0.0428266711533069,0.0342891961336135
388,50,5,hf50_lfx05,BAD,,,
250,50,5,hf50_lfx05,OK,0.068345732986927,0.0428594835102558,0.032943457365036
250,50,5,hf50_lfx05,BAD,,,
230,50,5,hf50_lfx05,OK,0.0683139488101005,0.0428333468735218,0.0303732994943857
230,50,5,hf50_lfx05,BAD,,,
322,50,5,hf50_lfx05,OK,0.0683323219418525,0.0426745042204856,0.0326005928218364
322,50,5,hf50_lfx05,BAD,,,
290,50,5,hf50_lfx05,OK,0.068336971104145,0.0427851900458335,0.0355229042470455
290,50,5,hf50_lfx05,BAD,,,
200,50,5,hf50_lfx05,OK,0.0684366449713707,0.04283007979393,0.0313556641340255
200,50,5,hf50_lfx05,BAD,,,
333,50,5,hf50_lfx05,OK,0.0683459341526031,0.0427938252687454,0.031492032110691
333,50,5,hf50_lfx05,BAD,,,
366,100,10,hf100_lfx10,OK,0.0438300259411335,0.027534507215023,0.0207811128348112
366,100,10,hf100_lfx10,BAD,,,
300,100,10,hf100_lfx10,OK,0.0436461679637432,0.0274356510490179,0.0201104078441858
300,100,10,hf100_lfx10,BAD,,,
210,100,10,hf100_lfx10,OK,0.044117871671915,0.0274071507155895,0.0189510695636272
210,100,10,hf100_lfx10,BAD,,,
220,100,10,hf100_lfx10,OK,0.0438917689025402,0.0275938771665096,0.0190130602568388
220,100,10,hf100_lfx10,BAD,,,
377,100,10,hf100_lfx10,OK,0.0438814386725425,0.0274831745773553,0.0175315160304307
377,100,10,hf100_lfx10,BAD,,,
260,100,10,hf100_lfx10,OK,0.0438454374670982,0.0275301281362772,0.0182993430644273
260,100,10,hf100_lfx10,BAD,,,
240,100,10,hf100_lfx10,OK,0.0438135489821434,0.027341354638338,0.0175315123051404
240,100,10,hf100_lfx10,BAD,,,
355,100,10,hf100_lfx10,OK,0.0437201373279094,0.0274896174669265,0.0191625114530324
355,100,10,hf100_lfx10,BAD,,,
311,100,10,hf100_lfx10,OK,0.0440490171313285,0.0273669958114624,0.0184498745948076
311,100,10,hf100_lfx10,BAD,,,
280,100,10,hf100_lfx10,OK,0.0441854149103164,0.0276426989585161,0.0181984417140483
280,100,10,hf100_lfx10,BAD,,,
399,100,10,hf100_lfx10,OK,0.0439814962446689,0.0273412130773067,0.0219588931649923
399,100,10,hf100_lfx10,BAD,,,
270,100,10,hf100_lfx10,OK,0.0440760776400566,0.0272776745259761,0.022288566455245
270,100,10,hf100_lfx10,BAD,,,
344,100,10,hf100_lfx10,OK,0.0442585684359073,0.0275476183742284,0.0192680303007364
344,100,10,hf100_lfx10,BAD,,,
388,100,10,hf100_lfx10,OK,0.0436849668622016,0.0274283904582262,0.0190617069602012
388,100,10,hf100_lfx10,BAD,,,
250,100,10,hf100_lfx10,OK,0.0438981428742408,0.0274636149406433,0.0183824561536312
250,100,10,hf100_lfx10,BAD,,,
230,100,10,hf100_lfx10,OK,0.0437149554491043,0.0275876000523567,0.0194216798990964
230,100,10,hf100_lfx10,BAD,,,
322,100,10,hf100_lfx10,OK,0.0439098812639713,0.0274213980883359,0.0197166912257671
322,100,10,hf100_lfx10,BAD,,,
290,100,10,hf100_lfx10,OK,0.0440068058669567,0.0275869518518447,0.0216881334781646
290,100,10,hf100_lfx10,BAD,,,
200,100,10,hf100_lfx10,OK,0.0439735502004623,0.0276332329958677,0.0188779961317777
200,100,10,hf100_lfx10,BAD,,,
333,100,10,hf100_lfx10,OK,0.0439919270575046,0.0273989532142877,0.018982209265232
333,100,10,hf100_lfx10,BAD,,,
366,500,10,hf500_lfx10,OK,0.0251425597816705,0.0193423945456743,0.0130830043926835
366,500,10,hf500_lfx10,BAD,,,
300,500,10,hf500_lfx10,OK,0.0247831810265779,0.0194274894893169,0.0129881147295236
300,500,10,hf500_lfx10,BAD,,,
210,500,10,hf500_lfx10,OK,0.0246980730444192,0.0197003986686468,0.0135255875065922
210,500,10,hf500_lfx10,BAD,,,
220,500,10,hf500_lfx10,OK,0.0250256080180406,0.0196200720965862,0.0127328475937247
220,500,10,hf500_lfx10,BAD,,,
377,500,10,hf500_lfx10,OK,0.0253340564668178,0.0196151193231344,0.0131802037358284
377,500,10,hf500_lfx10,BAD,,,
260,500,10,hf500_lfx10,OK,0.0247860085219144,0.0196769908070564,0.0120791122317314
260,500,10,hf500_lfx10,BAD,,,
240,500,10,hf500_lfx10,OK,0.0248293299227952,0.0195673145353794,0.0133695276454091
240,500,10,hf500_lfx10,BAD,,,
355,500,10,hf500_lfx10,OK,0.0251714773476123,0.0197201035916805,0.0137154543772339
355,500,10,hf500_lfx10,BAD,,,
311,500,10,hf500_lfx10,OK,0.0248532257974147,0.0196399223059415,0.0128916641697287
311,500,10,hf500_lfx10,BAD,,,
280,500,10,hf500_lfx10,OK,0.0249407477676868,0.0200226288288831,0.0132293794304132
280,500,10,hf500_lfx10,BAD,,,
399,500,10,hf500_lfx10,OK,0.024983711540699,0.0197158008813858,0.0143375676125288
399,500,10,hf500_lfx10,BAD,,,
270,500,10,hf500_lfx10,OK,0.0249848347157239,0.0194918289780616,0.0141276670619845
270,500,10,hf500_lfx10,BAD,,,
344,500,10,hf500_lfx10,OK,0.0251393318176269,0.019810376688838,0.0128128388896584
344,500,10,hf500_lfx10,BAD,,,
388,500,10,hf500_lfx10,OK,0.0248288251459598,0.0196592435240745,0.0123743405565619
388,500,10,hf500_lfx10,BAD,,,
250,500,10,hf500_lfx10,OK,0.0250488873571157,0.0194912739098072,0.0139968590810894
250,500,10,hf500_lfx10,BAD,,,
230,500,10,hf500_lfx10,OK,0.0251109283417463,0.0197827704250812,0.0138031896203756
230,500,10,hf500_lfx10,BAD,,,
322,500,10,hf500_lfx10,OK,0.0247566625475883,0.0197818558663129,0.0149522861465811
322,500,10,hf500_lfx10,BAD,,,
290,500,10,hf500_lfx10,OK,0.0250674597918987,0.0194825921207666,0.012690469622612
290,500,10,hf500_lfx10,BAD,,,
200,500,10,hf500_lfx10,OK,0.0249822605401277,0.0199338849633932,0.0118011441081762
200,500,10,hf500_lfx10,BAD,,,
333,500,10,hf500_lfx10,OK,0.0252169426530599,0.0194582547992467,0.0128057049587368
333,500,10,hf500_lfx10,BAD,,,
366,200,5,hf200_lfx05,OK,0.0340549014508724,0.0259143598377704,0.0170714855194091
366,200,5,hf200_lfx05,BAD,,,
300,200,5,hf200_lfx05,OK,0.0340488627552986,0.0259097907692194,0.0161073431372642
300,200,5,hf200_lfx05,BAD,,,
210,200,5,hf200_lfx05,OK,0.0338851287961006,0.0258678440004587,0.0140986461192369
210,200,5,hf200_lfx05,BAD,,,
220,200,5,hf200_lfx05,OK,0.0342871695756912,0.0261493865400552,0.0161280240863561
220,200,5,hf200_lfx05,BAD,,,
377,200,5,hf200_lfx05,OK,0.033783733844757,0.0258888117969036,0.015405056066811
377,200,5,hf200_lfx05,BAD,,,
260,200,5,hf200_lfx05,OK,0.0337712801992893,0.0258911605924367,0.0149022350087761
260,200,5,hf200_lfx05,BAD,,,
240,200,5,hf200_lfx05,OK,0.0339758582413196,0.0258030891418457,0.0155191216617822
240,200,5,hf200_lfx05,BAD,,,
355,200,5,hf200_lfx05,OK,0.0340994112193584,0.0259971842169761,0.0150904301553964
355,200,5,hf200_lfx05,BAD,,,
311,200,5,hf200_lfx05,OK,0.0340789519250392,0.0259842108935117,0.0159163679927587
311,200,5,hf200_lfx05,BAD,,,
280,200,5,hf200_lfx05,OK,0.0340711213648319,0.0259063392877578,0.0152295343577861
280,200,5,hf200_lfx05,BAD,,,
399,200,5,hf200_lfx05,OK,0.0339005403220653,0.0258609987795352,0.0166288390755653
399,200,5,hf200_lfx05,BAD,,,
270,200,5,hf200_lfx05,OK,0.0338228270411491,0.0258962605148553,0.0167351756244897
270,200,5,hf200_lfx05,BAD,,,
344,200,5,hf200_lfx05,OK,0.0338692292571067,0.0258117839694023,0.0173553470522165
344,200,5,hf200_lfx05,BAD,,,
388,200,5,hf200_lfx05,OK,0.0339933224022388,0.0257665161043405,0.0177092608064413
388,200,5,hf200_lfx05,BAD,,,
250,200,5,hf200_lfx05,OK,0.0340742096304893,0.0259757135063409,0.0160251595079898
250,200,5,hf200_lfx05,BAD,,,
230,200,5,hf200_lfx05,OK,0.0339022539556026,0.0258611496537923,0.0156807303428649
230,200,5,hf200_lfx05,BAD,,,
322,200,5,hf200_lfx05,OK,0.0342244133353233,0.0259248968213796,0.0169323869049549
322,200,5,hf200_lfx05,BAD,,,
290,200,5,hf200_lfx05,OK,0.0338284820318222,0.025954395532608,0.0162694137543439
290,200,5,hf200_lfx05,BAD,,,
200,200,5,hf200_lfx05,OK,0.0344218425452709,0.0258993953466415,0.0157666727900505
200,200,5,hf200_lfx05,BAD,,,
333,200,5,hf200_lfx05,OK,0.0340311639010906,0.0258993655443191,0.0166399013251066
333,200,5,hf200_lfx05,BAD,,,
366,400,5,hf400_lfx05,OK,0.0267202239483594,0.0216166526079177,0.0140386661514639
366,400,5,hf400_lfx05,BAD,,,
300,400,5,hf400_lfx05,OK,0.0268869865685701,0.0218834578990936,0.013278404250741
300,400,5,hf400_lfx05,BAD,,,
210,400,5,hf400_lfx05,OK,0.0268115624785423,0.0215280763804912,0.013968932442367
210,400,5,hf400_lfx05,BAD,,,
220,400,5,hf400_lfx05,OK,0.026846595108509,0.0213966313749551,0.0143461236730217
220,400,5,hf400_lfx05,BAD,,,
377,400,5,hf400_lfx05,OK,0.0269390270113945,0.0214896164834499,0.0129080163314938
377,400,5,hf400_lfx05,BAD,,,
260,400,5,hf400_lfx05,OK,0.0266289263963699,0.0215231981128454,0.0141324670985341
260,400,5,hf400_lfx05,BAD,,,
240,400,5,hf400_lfx05,OK,0.0268598161637783,0.0216103252023458,0.0141871254891157
240,400,5,hf400_lfx05,BAD,,,
355,400,5,hf400_lfx05,OK,0.0269837770611047,0.0216342266649007,0.0144435716792941
355,400,5,hf400_lfx05,BAD,,,
311,400,5,hf400_lfx05,OK,0.0270350333303213,0.0214189458638429,0.0135631011798977
311,400,5,hf400_lfx05,BAD,,,
280,400,5,hf400_lfx05,OK,0.0265268646180629,0.0216394569724798,0.014284030534327
280,400,5,hf400_lfx05,BAD,,,
399,400,5,hf400_lfx05,OK,0.0267547685652971,0.0216101724654436,0.0147959142923355
399,400,5,hf400_lfx05,BAD,,,
270,400,5,hf400_lfx05,OK,0.0268656127154827,0.0212828181684017,0.0158043820410966
270,400,5,hf400_lfx05,BAD,,,
344,400,5,hf400_lfx05,OK,0.0268652364611625,0.0216394923627376,0.0132770696654915
344,400,5,hf400_lfx05,BAD,,,
388,400,5,hf400_lfx05,OK,0.0271169785410165,0.0213851686567068,0.0135347982868552
388,400,5,hf400_lfx05,BAD,,,
250,400,5,hf400_lfx05,OK,0.0267937984317541,0.0216157585382461,0.0139036197215318
250,400,5,hf400_lfx05,BAD,,,
230,400,5,hf400_lfx05,OK,0.0268022883683443,0.0214975364506244,0.0136426798999309
230,400,5,hf400_lfx05,BAD,,,
322,400,5,hf400_lfx05,OK,0.027066683396697,0.0214209333062171,0.0135119520127773
322,400,5,hf400_lfx05,BAD,,,
290,400,5,hf400_lfx05,OK,0.0270575955510139,0.0214466452598571,0.0138137871399521
290,400,5,hf400_lfx05,BAD,,,
200,400,5,hf400_lfx05,OK,0.026820708066225,0.0215466506779193,0.0144398640841245
200,400,5,hf400_lfx05,BAD,,,
333,400,5,hf400_lfx05,OK,0.0268537923693656,0.021663162857294,0.0150962145999073
333,400,5,hf400_lfx05,BAD,,,
366,200,10,hf200_lfx10,OK,0.0340549014508724,0.0241933409124612,0.0170511286705732
366,200,10,hf200_lfx10,BAD,,,
300,200,10,hf200_lfx10,OK,0.0340488627552986,0.0243079103529453,0.0152960075065493
300,200,10,hf200_lfx10,BAD,,,
210,200,10,hf200_lfx10,OK,0.0338851287961006,0.0245101135224103,0.014649755321443
210,200,10,hf200_lfx10,BAD,,,
220,200,10,hf200_lfx10,OK,0.0342871695756912,0.0244105998426675,0.0145987281575798
220,200,10,hf200_lfx10,BAD,,,
377,200,10,hf200_lfx10,OK,0.033783733844757,0.0242279078811407,0.0144279366359114
377,200,10,hf200_lfx10,BAD,,,
260,200,10,hf200_lfx10,OK,0.0337712801992893,0.0243547651916742,0.0150369107723236
260,200,10,hf200_lfx10,BAD,,,
240,200,10,hf200_lfx10,OK,0.0339758582413196,0.0241400673985481,0.0147450407966971
240,200,10,hf200_lfx10,BAD,,,
355,200,10,hf200_lfx10,OK,0.0340994112193584,0.0245034229010343,0.0167911816388368
355,200,10,hf200_lfx10,BAD,,,
311,200,10,hf200_lfx10,OK,0.0340789519250392,0.0245651956647634,0.0148346722126007
311,200,10,hf200_lfx10,BAD,,,
280,200,10,hf200_lfx10,OK,0.0340711213648319,0.0241114050149917,0.0147224264219403
280,200,10,hf200_lfx10,BAD,,,
399,200,10,hf200_lfx10,OK,0.0339005403220653,0.0241845399141311,0.0161348283290863
399,200,10,hf200_lfx10,BAD,,,
270,200,10,hf200_lfx10,OK,0.0338228270411491,0.0243950337171554,0.016884071752429
270,200,10,hf200_lfx10,BAD,,,
344,200,10,hf200_lfx10,OK,0.0338692292571067,0.0243844967335462,0.0157849714159965
344,200,10,hf200_lfx10,BAD,,,
388,200,10,hf200_lfx10,OK,0.0339933224022388,0.0242197439074516,0.0144776990637183
388,200,10,hf200_lfx10,BAD,,,
250,200,10,hf200_lfx10,OK,0.0340742096304893,0.02461988478899,0.0165506731718778
250,200,10,hf200_lfx10,BAD,,,
230,200,10,hf200_lfx10,OK,0.0339022539556026,0.024168973788619,0.0169484484940767
230,200,10,hf200_lfx10,BAD,,,
322,200,10,hf200_lfx10,OK,0.0342244133353233,0.0244837272912263,0.0161789618432521
322,200,10,hf200_lfx10,BAD,,,
290,200,10,hf200_lfx10,OK,0.0338284820318222,0.0243132133036851,0.0158559363335371
290,200,10,hf200_lfx10,BAD,,,
200,200,10,hf200_lfx10,OK,0.0344218425452709,0.0242994241416454,0.0144380833953619
200,200,10,hf200_lfx10,BAD,,,
333,200,10,hf200_lfx10,OK,0.0340311639010906,0.024118872359395,0.0167338158935308
333,200,10,hf200_lfx10,BAD,,,
366,400,10,hf400_lfx10,OK,0.0267202239483594,0.0206255074590444,0.0130819482728838
366,400,10,hf400_lfx10,BAD,,,
300,400,10,hf400_lfx10,OK,0.0268869865685701,0.0209489110857248,0.0131599828600883
300,400,10,hf400_lfx10,BAD,,,
210,400,10,hf400_lfx10,OK,0.0268115624785423,0.0206769574433565,0.0125100072473287
210,400,10,hf400_lfx10,BAD,,,
220,400,10,hf400_lfx10,OK,0.026846595108509,0.0208388660103082,0.0126834046095609
220,400,10,hf400_lfx10,BAD,,,
377,400,10,hf400_lfx10,OK,0.0269390270113945,0.0208324790000915,0.012480572797358
377,400,10,hf400_lfx10,BAD,,,
260,400,10,hf400_lfx10,OK,0.0266289263963699,0.0206866487860679,0.012046530842781
260,400,10,hf400_lfx10,BAD,,,
240,400,10,hf400_lfx10,OK,0.0268598161637783,0.0209076292812824,0.0126297222450375
240,400,10,hf400_lfx10,BAD,,,
355,400,10,hf400_lfx10,OK,0.0269837770611047,0.0206415634602308,0.013505726121366
355,400,10,hf400_lfx10,BAD,,,
311,400,10,hf400_lfx10,OK,0.0270350333303213,0.02091646194458,0.0126967132091522
311,400,10,hf400_lfx10,BAD,,,
280,400,10,hf400_lfx10,OK,0.0265268646180629,0.0206378549337387,0.0137818455696105
280,400,10,hf400_lfx10,BAD,,,
399,400,10,hf400_lfx10,OK,0.0267547685652971,0.02091577462852,0.0137338610365986
399,400,10,hf400_lfx10,BAD,,,
270,400,10,hf400_lfx10,OK,0.0268656127154827,0.0209777168929576,0.0131129398941993
270,400,10,hf400_lfx10,BAD,,,
344,400,10,hf400_lfx10,OK,0.0268652364611625,0.0211225375533103,0.0122780175879597
344,400,10,hf400_lfx10,BAD,,,
388,400,10,hf400_lfx10,OK,0.0271169785410165,0.0206930544227361,0.0132179427891969
388,400,10,hf400_lfx10,BAD,,,
250,400,10,hf400_lfx10,OK,0.0267937984317541,0.0208221934735775,0.0139662576839327
250,400,10,hf400_lfx10,BAD,,,
230,400,10,hf400_lfx10,OK,0.0268022883683443,0.0208295807242393,0.0119052128866314
230,400,10,hf400_lfx10,BAD,,,
322,400,10,hf400_lfx10,OK,0.027066683396697,0.0206964593380689,0.0134045388549566
322,400,10,hf400_lfx10,BAD,,,
290,400,10,hf400_lfx10,OK,0.0270575955510139,0.0207102969288826,0.0128736225888133
290,400,10,hf400_lfx10,BAD,,,
200,400,10,hf400_lfx10,OK,0.026820708066225,0.0206325557082891,0.0123220607638359
200,400,10,hf400_lfx10,BAD,,,
333,400,10,hf400_lfx10,OK,0.0268537923693656,0.0208630003035068,0.0128276422619819
333,400,10,hf400_lfx10,BAD,,,
366,300,15,hf300_lfx15,OK,0.0300891250371933,0.0208774730563163,0.0122439181432127
366,300,15,hf300_lfx15,BAD,,,
300,300,15,hf300_lfx15,OK,0.0301478616893291,0.0205753948539495,0.0134914023801684
300,300,15,hf300_lfx15,BAD,,,
210,300,15,hf300_lfx15,OK,0.029817771166563,0.0207757577300071,0.013688058592379
210,300,15,hf300_lfx15,BAD,,,
220,300,15,hf300_lfx15,OK,0.0298223905265331,0.0206346753984689,0.0136885624378919
220,300,15,hf300_lfx15,BAD,,,
377,300,15,hf300_lfx15,OK,0.0298220366239547,0.0207270067185163,0.0119554195553064
377,300,15,hf300_lfx15,BAD,,,
260,300,15,hf300_lfx15,OK,0.0299986116588115,0.0208595916628837,0.0129419509321451
260,300,15,hf300_lfx15,BAD,,,
240,300,15,hf300_lfx15,OK,0.0298034287989139,0.0207750312983989,0.0136535512283444
240,300,15,hf300_lfx15,BAD,,,
355,300,15,hf300_lfx15,OK,0.0299648661166429,0.0206634197384119,0.0141102727502584
355,300,15,hf300_lfx15,BAD,,,
311,300,15,hf300_lfx15,OK,0.0302197374403476,0.0209387280046939,0.0131109477952122
311,300,15,hf300_lfx15,BAD,,,
280,300,15,hf300_lfx15,OK,0.0298322979360818,0.0208432860672473,0.0140004642307758
280,300,15,hf300_lfx15,BAD,,,
399,300,15,hf300_lfx15,OK,0.0297854896634817,0.0209858026355505,0.0125888492912054
399,300,15,hf300_lfx15,BAD,,,
270,300,15,hf300_lfx15,OK,0.0298780761659145,0.0203731413930654,0.0127213345840573
270,300,15,hf300_lfx15,BAD,,,
344,300,15,hf300_lfx15,OK,0.0299071129411458,0.0203715860843658,0.0139862895011901
344,300,15,hf300_lfx15,BAD,,,
388,300,15,hf300_lfx15,OK,0.0298207551240921,0.0209888648241758,0.0135491099208593
388,300,15,hf300_lfx15,BAD,,,
250,300,15,hf300_lfx15,OK,0.0300084669142961,0.0206984393298625,0.0127496803179383
250,300,15,hf300_lfx15,BAD,,,
230,300,15,hf300_lfx15,OK,0.0299659185111522,0.0206321086734533,0.0134171387180686
230,300,15,hf300_lfx15,BAD,,,
322,300,15,hf300_lfx15,OK,0.0302035678178071,0.0205383263528347,0.0148014370352029
322,300,15,hf300_lfx15,BAD,,,
290,300,15,hf300_lfx15,OK,0.0297891702502965,0.0207702480256557,0.013138155452907
290,300,15,hf300_lfx15,BAD,,,
200,300,15,hf300_lfx15,OK,0.0300596021115779,0.0207332149147987,0.0136569300666451
200,300,15,hf300_lfx15,BAD,,,
333,300,15,hf300_lfx15,OK,0.0297997687011957,0.0206110849976539,0.01241569314152
333,300,15,hf300_lfx15,BAD,,,
366,100,5,hf100_lfx05,OK,0.0438300259411335,0.0300053562968969,0.0218542758375406
366,100,5,hf100_lfx05,BAD,,,
300,100,5,hf100_lfx05,OK,0.0436461679637432,0.0298661272972822,0.0207055266946554
300,100,5,hf100_lfx05,BAD,,,
210,100,5,hf100_lfx05,OK,0.044117871671915,0.0297410171478986,0.0197046212852001
210,100,5,hf100_lfx05,BAD,,,
220,100,5,hf100_lfx05,OK,0.0438917689025402,0.0297971237450838,0.0208481103181839
220,100,5,hf100_lfx05,BAD,,,
377,100,5,hf100_lfx05,OK,0.0438814386725425,0.0299617536365985,0.0200146250426769
377,100,5,hf100_lfx05,BAD,,,
260,100,5,hf100_lfx05,OK,0.0438454374670982,0.0297497771680355,0.0201071202754974
260,100,5,hf100_lfx05,BAD,,,
240,100,5,hf100_lfx05,OK,0.0438135489821434,0.0299142133444547,0.0207303538918495
240,100,5,hf100_lfx05,BAD,,,
355,100,5,hf100_lfx05,OK,0.0437201373279094,0.0298116467893123,0.0210700277239084
355,100,5,hf100_lfx05,BAD,,,
311,100,5,hf100_lfx05,OK,0.0440490171313285,0.0300473477691411,0.0197179727256298
311,100,5,hf100_lfx05,BAD,,,
280,100,5,hf100_lfx05,OK,0.0441854149103164,0.029893634840846,0.0211898684501647
280,100,5,hf100_lfx05,BAD,,,
399,100,5,hf100_lfx05,OK,0.0439814962446689,0.0299703795462846,0.0212615374475717
399,100,5,hf100_lfx05,BAD,,,
270,100,5,hf100_lfx05,OK,0.0440760776400566,0.0298141483217477,0.020944807678461
270,100,5,hf100_lfx05,BAD,,,
344,100,5,hf100_lfx05,OK,0.0442585684359073,0.0298716593533754,0.0202296078205108
344,100,5,hf100_lfx05,BAD,,,
388,100,5,hf100_lfx05,OK,0.0436849668622016,0.0298758633434772,0.0208343006670475
388,100,5,hf100_lfx05,BAD,,,
250,100,5,hf100_lfx05,OK,0.0438981428742408,0.0298366285860538,0.0198331251740455
250,100,5,hf100_lfx05,BAD,,,
230,100,5,hf100_lfx05,OK,0.0437149554491043,0.029807100072503,0.0193625148385763
230,100,5,hf100_lfx05,BAD,,,
322,100,5,hf100_lfx05,OK,0.0439098812639713,0.0298300795257091,0.0218041967600584
322,100,5,hf100_lfx05,BAD,,,
290,100,5,hf100_lfx05,OK,0.0440068058669567,0.0297372732311487,0.0207944102585315
290,100,5,hf100_lfx05,BAD,,,
200,100,5,hf100_lfx05,OK,0.0439735502004623,0.0298774540424346,0.0204012524336576
200,100,5,hf100_lfx05,BAD,,,
333,100,5,hf100_lfx05,OK,0.0439919270575046,0.0297515355050563,0.0190075933933258
333,100,5,hf100_lfx05,BAD,,,
366,100,15,hf100_lfx15,OK,0.0438300259411335,0.0268026832491159,0.0187639407813549
366,100,15,hf100_lfx15,BAD,,,
300,100,15,hf100_lfx15,OK,0.0436461679637432,0.0264282897114753,0.0180910974740982
300,100,15,hf100_lfx15,BAD,,,
210,100,15,hf100_lfx15,OK,0.044117871671915,0.0265492722392082,0.0178299117833375
210,100,15,hf100_lfx15,BAD,,,
220,100,15,hf100_lfx15,OK,0.0438917689025402,0.0267781745642423,0.0175857450813055
220,100,15,hf100_lfx15,BAD,,,
377,100,15,hf100_lfx15,OK,0.0438814386725425,0.0267284456640481,0.01755066588521
377,100,15,hf100_lfx15,BAD,,,
260,100,15,hf100_lfx15,OK,0.0438454374670982,0.026930209249258,0.0172914247959852
260,100,15,hf100_lfx15,BAD,,,
240,100,15,hf100_lfx15,OK,0.0438135489821434,0.026638438925147,0.0155898574739694
240,100,15,hf100_lfx15,BAD,,,
355,100,15,hf100_lfx15,OK,0.0437201373279094,0.0267441030591726,0.018123434856534
355,100,15,hf100_lfx15,BAD,,,
311,100,15,hf100_lfx15,OK,0.0440490171313285,0.0265123005956411,0.0151913333684206
311,100,15,hf100_lfx15,BAD,,,
280,100,15,hf100_lfx15,OK,0.0441854149103164,0.0267067216336727,0.0170478280633687
280,100,15,hf100_lfx15,BAD,,,
399,100,15,hf100_lfx15,OK,0.0439814962446689,0.0268658027052879,0.0169821046292781
399,100,15,hf100_lfx15,BAD,,,
270,100,15,hf100_lfx15,OK,0.0440760776400566,0.0263015795499086,0.0191365424543619
270,100,15,hf100_lfx15,BAD,,,
344,100,15,hf100_lfx15,OK,0.0442585684359073,0.0267960783094167,0.0178641341626644
344,100,15,hf100_lfx15,BAD,,,
388,100,15,hf100_lfx15,OK,0.0436849668622016,0.0266858655959367,0.0175774693489074
388,100,15,hf100_lfx15,BAD,,,
250,100,15,hf100_lfx15,OK,0.0438981428742408,0.0267149452120065,0.0177861358970403
250,100,15,hf100_lfx15,BAD,,,
230,100,15,hf100_lfx15,OK,0.0437149554491043,0.026768097653985,0.0168119296431541
230,100,15,hf100_lfx15,BAD,,,
322,100,15,hf100_lfx15,OK,0.0439098812639713,0.0265773870050907,0.0174334328621625
322,100,15,hf100_lfx15,BAD,,,
290,100,15,hf100_lfx15,OK,0.0440068058669567,0.026799026876688,0.0187440887093544
290,100,15,hf100_lfx15,BAD,,,
200,100,15,hf100_lfx15,OK,0.0439735502004623,0.026712654158473,0.0194463822990655
200,100,15,hf100_lfx15,BAD,,,
333,100,15,hf100_lfx15,OK,0.0439919270575046,0.0265800300985574,0.0175040606409311
333,100,15,hf100_lfx15,BAD,,,
366,400,15,hf400_lfx15,OK,0.0267202239483594,0.0199302602559328,0.0139975668862462
366,400,15,hf400_lfx15,BAD,,,
300,400,15,hf400_lfx15,OK,0.0268869865685701,0.0198590885847806,0.0146278226748108
300,400,15,hf400_lfx15,BAD,,,
210,400,15,hf400_lfx15,OK,0.0268115624785423,0.0201186835765838,0.0123483734205365
210,400,15,hf400_lfx15,BAD,,,
220,400,15,hf400_lfx15,OK,0.026846595108509,0.0203232057392597,0.0144722145050764
220,400,15,hf400_lfx15,BAD,,,
377,400,15,hf400_lfx15,OK,0.0269390270113945,0.020171308889985,0.0121429720893502
377,400,15,hf400_lfx15,BAD,,,
260,400,15,hf400_lfx15,OK,0.0266289263963699,0.0201407466083765,0.0128822876140475
260,400,15,hf400_lfx15,BAD,,,
240,400,15,hf400_lfx15,OK,0.0268598161637783,0.0201720688492059,0.0138286314904689
240,400,15,hf400_lfx15,BAD,,,
355,400,15,hf400_lfx15,OK,0.0269837770611047,0.0202926229685544,0.0132661517709493
355,400,15,hf400_lfx15,BAD,,,
311,400,15,hf400_lfx15,OK,0.0270350333303213,0.020094534382224,0.0151927648112177
311,400,15,hf400_lfx15,BAD,,,
280,400,15,hf400_lfx15,OK,0.0265268646180629,0.0199662446975708,0.0144680282101035
280,400,15,hf400_lfx15,BAD,,,
399,400,15,hf400_lfx15,OK,0.0267547685652971,0.0197381936013698,0.0125889526680111
399,400,15,hf400_lfx15,BAD,,,
270,400,15,hf400_lfx15,OK,0.0268656127154827,0.0200822502374649,0.0137987928465008
270,400,15,hf400_lfx15,BAD,,,
344,400,15,hf400_lfx15,OK,0.0268652364611625,0.0201563313603401,0.0131528470665216
344,400,15,hf400_lfx15,BAD,,,
388,400,15,hf400_lfx15,OK,0.0271169785410165,0.0202315729111433,0.0134591022506356
388,400,15,hf400_lfx15,BAD,,,
250,400,15,hf400_lfx15,OK,0.0267937984317541,0.0203717108815908,0.0140400165691971
250,400,15,hf400_lfx15,BAD,,,
230,400,15,hf400_lfx15,OK,0.0268022883683443,0.0198648646473884,0.0120481206104159
230,400,15,hf400_lfx15,BAD,,,
322,400,15,hf400_lfx15,OK,0.027066683396697,0.0199906937777996,0.0129533680155873
322,400,15,hf400_lfx15,BAD,,,
290,400,15,hf400_lfx15,OK,0.0270575955510139,0.0198619775474071,0.0130944745615124
290,400,15,hf400_lfx15,BAD,,,
200,400,15,hf400_lfx15,OK,0.026820708066225,0.020297572016716,0.0132546704262495
200,400,15,hf400_lfx15,BAD,,,
333,400,15,hf400_lfx15,OK,0.0268537923693656,0.0199626050889492,0.0138463638722896
333,400,15,hf400_lfx15,BAD,,,
366,500,5,hf500_lfx05,OK,0.0251425597816705,0.020939040929079,0.0136122750118374
366,500,5,hf500_lfx05,BAD,,,
300,500,5,hf500_lfx05,OK,0.0247831810265779,0.0209322646260261,0.0137419709935784
300,500,5,hf500_lfx05,BAD,,,
210,500,5,hf500_lfx05,OK,0.0246980730444192,0.0208285301923751,0.013470777310431
210,500,5,hf500_lfx05,BAD,,,
220,500,5,hf500_lfx05,OK,0.0250256080180406,0.0208632238209247,0.0134056210517883
220,500,5,hf500_lfx05,BAD,,,
377,500,5,hf500_lfx05,OK,0.0253340564668178,0.0207906812429428,0.0135615495964884
377,500,5,hf500_lfx05,BAD,,,
260,500,5,hf500_lfx05,OK,0.0247860085219144,0.0208163019269704,0.0126623455435037
260,500,5,hf500_lfx05,BAD,,,
240,500,5,hf500_lfx05,OK,0.0248293299227952,0.0208226293325424,0.0127457333728671
240,500,5,hf500_lfx05,BAD,,,
355,500,5,hf500_lfx05,OK,0.0251714773476123,0.0211155675351619,0.0143875516951084
355,500,5,hf500_lfx05,BAD,,,
311,500,5,hf500_lfx05,OK,0.0248532257974147,0.0208860840648412,0.0124618466943502
311,500,5,hf500_lfx05,BAD,,,
280,500,5,hf500_lfx05,OK,0.0249407477676868,0.020932700484991,0.0130464695394039
280,500,5,hf500_lfx05,BAD,,,
399,500,5,hf500_lfx05,OK,0.024983711540699,0.0206428356468677,0.0139308646321296
399,500,5,hf500_lfx05,BAD,,,
270,500,5,hf500_lfx05,OK,0.0249848347157239,0.0207417141646146,0.0134272202849388
270,500,5,hf500_lfx05,BAD,,,
344,500,5,hf500_lfx05,OK,0.0251393318176269,0.020868768915534,0.01357579883188
344,500,5,hf500_lfx05,BAD,,,
388,500,5,hf500_lfx05,OK,0.0248288251459598,0.0210929028689861,0.0136183323338627
388,500,5,hf500_lfx05,BAD,,,
250,500,5,hf500_lfx05,OK,0.0250488873571157,0.0206997506320476,0.0139199132099747
250,500,5,hf500_lfx05,BAD,,,
230,500,5,hf500_lfx05,OK,0.0251109283417463,0.0209800582379102,0.0131400842219591
230,500,5,hf500_lfx05,BAD,,,
322,500,5,hf500_lfx05,OK,0.0247566625475883,0.0209904760122299,0.014346127398312
322,500,5,hf500_lfx05,BAD,,,
290,500,5,hf500_lfx05,OK,0.0250674597918987,0.0210295207798481,0.0135513702407479
290,500,5,hf500_lfx05,BAD,,,
200,500,5,hf500_lfx05,OK,0.0249822605401277,0.0211212635040283,0.0133004738017916
200,500,5,hf500_lfx05,BAD,,,
333,500,5,hf500_lfx05,OK,0.0252169426530599,0.020865311846137,0.0144305825233459
333,500,5,hf500_lfx05,BAD,,,
366,300,10,hf300_lfx10,OK,0.0300891250371933,0.0213549491018056,0.0132661880925297
366,300,10,hf300_lfx10,BAD,,,
300,300,10,hf300_lfx10,OK,0.0301478616893291,0.0218463540077209,0.013706212863326
300,300,10,hf300_lfx10,BAD,,,
210,300,10,hf300_lfx10,OK,0.029817771166563,0.0214219279587268,0.0123933022841811
210,300,10,hf300_lfx10,BAD,,,
220,300,10,hf300_lfx10,OK,0.0298223905265331,0.0219329129904508,0.0131503418087959
220,300,10,hf300_lfx10,BAD,,,
377,300,10,hf300_lfx10,OK,0.0298220366239547,0.0215950198471546,0.0133260302245616
377,300,10,hf300_lfx10,BAD,,,
260,300,10,hf300_lfx10,OK,0.0299986116588115,0.0213549248874187,0.01311572548002
260,300,10,hf300_lfx10,BAD,,,
240,300,10,hf300_lfx10,OK,0.0298034287989139,0.0217813923954963,0.0139889726415276
240,300,10,hf300_lfx10,BAD,,,
355,300,10,hf300_lfx10,OK,0.0299648661166429,0.0217004660516977,0.0133830299600958
355,300,10,hf300_lfx10,BAD,,,
311,300,10,hf300_lfx10,OK,0.0302197374403476,0.021467225626111,0.0154828913509845
311,300,10,hf300_lfx10,BAD,,,
280,300,10,hf300_lfx10,OK,0.0298322979360818,0.0217369422316551,0.0135673442855477
280,300,10,hf300_lfx10,BAD,,,
399,300,10,hf300_lfx10,OK,0.0297854896634817,0.0216137617826461,0.0128493243828415
399,300,10,hf300_lfx10,BAD,,,
270,300,10,hf300_lfx10,OK,0.0298780761659145,0.0215641856193542,0.014562064781785
270,300,10,hf300_lfx10,BAD,,,
344,300,10,hf300_lfx10,OK,0.0299071129411458,0.0217243712395429,0.0131914522498846
344,300,10,hf300_lfx10,BAD,,,
388,300,10,hf300_lfx10,OK,0.0298207551240921,0.0216095987707376,0.0130217866972088
388,300,10,hf300_lfx10,BAD,,,
250,300,10,hf300_lfx10,OK,0.0300084669142961,0.0215471424162387,0.0147523395717144
250,300,10,hf300_lfx10,BAD,,,
230,300,10,hf300_lfx10,OK,0.0299659185111522,0.0217280276119709,0.0134519888088107
230,300,10,hf300_lfx10,BAD,,,
322,300,10,hf300_lfx10,OK,0.0302035678178071,0.0216844417154788,0.0155179444700479
322,300,10,hf300_lfx10,BAD,,,
290,300,10,hf300_lfx10,OK,0.0297891702502965,0.0213434100151062,0.0138064883649349
290,300,10,hf300_lfx10,BAD,,,
200,300,10,hf300_lfx10,OK,0.0300596021115779,0.021870395168662,0.012455279007554
200,300,10,hf300_lfx10,BAD,,,
333,300,10,hf300_lfx10,OK,0.0297997687011957,0.0216303188353776,0.0154144214466214
333,300,10,hf300_lfx10,BAD,,,
366,300,5,hf300_lfx05,OK,0.0300891250371933,0.0228051748126745,0.0162080395966768
366,300,5,hf300_lfx05,BAD,,,
300,300,5,hf300_lfx05,OK,0.0301478616893291,0.0229026544839143,0.0145245930179953
300,300,5,hf300_lfx05,BAD,,,
210,300,5,hf300_lfx05,OK,0.029817771166563,0.0227253939956426,0.0147011578083038
210,300,5,hf300_lfx05,BAD,,,
220,300,5,hf300_lfx05,OK,0.0298223905265331,0.0230132713913917,0.0152188716456294
220,300,5,hf300_lfx05,BAD,,,
377,300,5,hf300_lfx05,OK,0.0298220366239547,0.0226148758083581,0.0140808224678039
377,300,5,hf300_lfx05,BAD,,,
260,300,5,hf300_lfx05,OK,0.0299986116588115,0.0228115078061819,0.0145975248888134
260,300,5,hf300_lfx05,BAD,,,
240,300,5,hf300_lfx05,OK,0.0298034287989139,0.022829620167613,0.0145594263449311
240,300,5,hf300_lfx05,BAD,,,
355,300,5,hf300_lfx05,OK,0.0299648661166429,0.0229253955185413,0.0141068026423454
355,300,5,hf300_lfx05,BAD,,,
311,300,5,hf300_lfx05,OK,0.0302197374403476,0.02269565500319,0.0140295522287487
311,300,5,hf300_lfx05,BAD,,,
280,300,5,hf300_lfx05,OK,0.0298322979360818,0.0230225455015897,0.0141724087297916
280,300,5,hf300_lfx05,BAD,,,
399,300,5,hf300_lfx05,OK,0.0297854896634817,0.0230352748185396,0.0158991124480962
399,300,5,hf300_lfx05,BAD,,,
270,300,5,hf300_lfx05,OK,0.0298780761659145,0.0228623859584331,0.0164296720176935
270,300,5,hf300_lfx05,BAD,,,
344,300,5,hf300_lfx05,OK,0.0299071129411458,0.0229303929954767,0.0145212430506944
344,300,5,hf300_lfx05,BAD,,,
388,300,5,hf300_lfx05,OK,0.0298207551240921,0.0228553563356399,0.0149651393294334
388,300,5,hf300_lfx05,BAD,,,
250,300,5,hf300_lfx05,OK,0.0300084669142961,0.0228256862610578,0.0146266613155603
250,300,5,hf300_lfx05,BAD,,,
230,300,5,hf300_lfx05,OK,0.0299659185111522,0.0230354983359575,0.0147110121324658
230,300,5,hf300_lfx05,BAD,,,
322,300,5,hf300_lfx05,OK,0.0302035678178071,0.02286883816123,0.0156305432319641
322,300,5,hf300_lfx05,BAD,,,
290,300,5,hf300_lfx05,OK,0.0297891702502965,0.0229179747402668,0.0148045988753438
290,300,5,hf300_lfx05,BAD,,,
200,300,5,hf300_lfx05,OK,0.0300596021115779,0.0227131471037864,0.0151616064831614
200,300,5,hf300_lfx05,BAD,,,
333,300,5,hf300_lfx05,OK,0.0297997687011957,0.0227383710443973,0.0140994051471352
333,300,5,hf300_lfx05,BAD,,,
366,50,15,hf50_lfx15,OK,0.0684271156787872,0.036584410816431,0.0264237280935049
366,50,15,hf50_lfx15,BAD,,,
300,50,15,hf50_lfx15,OK,0.0684233084321022,0.0367520935833454,0.0260370336472988
300,50,15,hf50_lfx15,BAD,,,
210,50,15,hf50_lfx15,OK,0.0683004036545753,0.0368144288659095,0.0239732321351766
210,50,15,hf50_lfx15,BAD,,,
220,50,15,hf50_lfx15,OK,0.0683383047580719,0.0365359932184219,0.0266700964421033
220,50,15,hf50_lfx15,BAD,,,
377,50,15,hf50_lfx15,OK,0.0684205740690231,0.0367991775274276,0.0251860488206148
377,50,15,hf50_lfx15,BAD,,,
260,50,15,hf50_lfx15,OK,0.0684353560209274,0.0367506928741931,0.0255312994122505
260,50,15,hf50_lfx15,BAD,,,
240,50,15,hf50_lfx15,OK,0.0684226751327514,0.0368020348250865,0.0263381283730268
240,50,15,hf50_lfx15,BAD,,,
355,50,15,hf50_lfx15,OK,0.0684298425912857,0.036738459020853,0.0252139307558536
355,50,15,hf50_lfx15,BAD,,,
311,50,15,hf50_lfx15,OK,0.0683575272560119,0.0367250256240367,0.026303730905056
311,50,15,hf50_lfx15,BAD,,,
280,50,15,hf50_lfx15,OK,0.0683499053120613,0.0367052964866161,0.0259860642254352
280,50,15,hf50_lfx15,BAD,,,
399,50,15,hf50_lfx15,OK,0.0684133395552635,0.0366959683597087,0.0276449285447597
399,50,15,hf50_lfx15,BAD,,,
270,50,15,hf50_lfx15,OK,0.0684012100100517,0.0366011373698711,0.0255995001643896
270,50,15,hf50_lfx15,BAD,,,
344,50,15,hf50_lfx15,OK,0.0684192106127739,0.0368437245488166,0.0261946562677621
344,50,15,hf50_lfx15,BAD,,,
388,50,15,hf50_lfx15,OK,0.0683332607150077,0.0367948934435844,0.0281920656561851
388,50,15,hf50_lfx15,BAD,,,
250,50,15,hf50_lfx15,OK,0.068345732986927,0.036722507327795,0.027019664645195
250,50,15,hf50_lfx15,BAD,,,
230,50,15,hf50_lfx15,OK,0.0683139488101005,0.0366878807544708,0.0267820078879594
230,50,15,hf50_lfx15,BAD,,,
322,50,15,hf50_lfx15,OK,0.0683323219418525,0.0366707742214202,0.0261658150702714
322,50,15,hf50_lfx15,BAD,,,
290,50,15,hf50_lfx15,OK,0.068336971104145,0.0366513542830944,0.0263256896287202
290,50,15,hf50_lfx15,BAD,,,
200,50,15,hf50_lfx15,OK,0.0684366449713707,0.0365123897790908,0.0254937503486871
200,50,15,hf50_lfx15,BAD,,,
333,50,15,hf50_lfx15,OK,0.0683459341526031,0.0367201715707778,0.0267460905015468
333,50,15,hf50_lfx15,BAD,,,
366,50,10,hf50_lfx10,OK,0.0684271156787872,0.0380156114697456,0.0284020733088254
366,50,10,hf50_lfx10,BAD,,,
300,50,10,hf50_lfx10,OK,0.0684233084321022,0.0380509570240974,0.0270293187350034
300,50,10,hf50_lfx10,BAD,,,
210,50,10,hf50_lfx10,OK,0.0683004036545753,0.0380335338413715,0.0285382270812988
210,50,10,hf50_lfx10,BAD,,,
220,50,10,hf50_lfx10,OK,0.0683383047580719,0.0379937849938869,0.0283865220844745
220,50,10,hf50_lfx10,BAD,,,
377,50,10,hf50_lfx10,OK,0.0684205740690231,0.0380575694143772,0.027220107614994
377,50,10,hf50_lfx10,BAD,,,
260,50,10,hf50_lfx10,OK,0.0684353560209274,0.0380823649466037,0.0272047109901905
260,50,10,hf50_lfx10,BAD,,,
240,50,10,hf50_lfx10,OK,0.0684226751327514,0.0378774963319301,0.0280141066759824
240,50,10,hf50_lfx10,BAD,,,
355,50,10,hf50_lfx10,OK,0.0684298425912857,0.0382088460028171,0.0265504382550716
355,50,10,hf50_lfx10,BAD,,,
311,50,10,hf50_lfx10,OK,0.0683575272560119,0.0379612632095813,0.0283095221966505
311,50,10,hf50_lfx10,BAD,,,
280,50,10,hf50_lfx10,OK,0.0683499053120613,0.0379772931337356,0.0281086396425962
280,50,10,hf50_lfx10,BAD,,,
399,50,10,hf50_lfx10,OK,0.0684133395552635,0.0381436459720134,0.0287331845611333
399,50,10,hf50_lfx10,BAD,,,
270,50,10,hf50_lfx10,OK,0.0684012100100517,0.0379845686256885,0.0280096903443336
270,50,10,hf50_lfx10,BAD,,,
344,50,10,hf50_lfx10,OK,0.0684192106127739,0.0380060374736785,0.0277576558291912
344,50,10,hf50_lfx10,BAD,,,
388,50,10,hf50_lfx10,OK,0.0683332607150077,0.0380857400596141,0.028351541608572
388,50,10,hf50_lfx10,BAD,,,
250,50,10,hf50_lfx10,OK,0.068345732986927,0.0380052477121353,0.0277233552187681
250,50,10,hf50_lfx10,BAD,,,
230,50,10,hf50_lfx10,OK,0.0683139488101005,0.0380177199840545,0.0293204821646213
230,50,10,hf50_lfx10,BAD,,,
322,50,10,hf50_lfx10,OK,0.0683323219418525,0.0381730608642101,0.0278304945677518
322,50,10,hf50_lfx10,BAD,,,
290,50,10,hf50_lfx10,OK,0.068336971104145,0.0380746014416217,0.02812903188169
290,50,10,hf50_lfx10,BAD,,,
200,50,10,hf50_lfx10,OK,0.0684366449713707,0.038032129406929,0.0285111051052808
200,50,10,hf50_lfx10,BAD,,,
333,50,10,hf50_lfx10,OK,0.0683459341526031,0.0380598381161689,0.0300956889986991
333,50,10,hf50_lfx10,BAD,,,
366,500,15,hf500_lfx15,OK,0.0251425597816705,0.0198056176304817,0.0136099401861429
366,500,15,hf500_lfx15,BAD,,,
300,500,15,hf500_lfx15,OK,0.0247831810265779,0.0197613276541233,0.0141074564307928
300,500,15,hf500_lfx15,BAD,,,
210,500,15,hf500_lfx15,OK,0.0246980730444192,0.0196470506489276,0.0137369548901915
210,500,15,hf500_lfx15,BAD,,,
220,500,15,hf500_lfx15,OK,0.0250256080180406,0.0194357894361019,0.0138387307524681
220,500,15,hf500_lfx15,BAD,,,
377,500,15,hf500_lfx15,OK,0.0253340564668178,0.019689742475748,0.0142387012019753
377,500,15,hf500_lfx15,BAD,,,
260,500,15,hf500_lfx15,OK,0.0247860085219144,0.0196718666702508,0.0134856700897216
260,500,15,hf500_lfx15,BAD,,,
240,500,15,hf500_lfx15,OK,0.0248293299227952,0.0195607859641313,0.0131228826940059
240,500,15,hf500_lfx15,BAD,,,
355,500,15,hf500_lfx15,OK,0.0251714773476123,0.0194867476820945,0.0134969279170036
355,500,15,hf500_lfx15,BAD,,,
311,500,15,hf500_lfx15,OK,0.0248532257974147,0.0195246767252683,0.013085993938148
311,500,15,hf500_lfx15,BAD,,,
280,500,15,hf500_lfx15,OK,0.0249407477676868,0.0195801202207803,0.0149273416027426
280,500,15,hf500_lfx15,BAD,,,
399,500,15,hf500_lfx15,OK,0.024983711540699,0.0195522047579288,0.0124881202355027
399,500,15,hf500_lfx15,BAD,,,
270,500,15,hf500_lfx15,OK,0.0249848347157239,0.0197807289659976,0.0133354924619197
270,500,15,hf500_lfx15,BAD,,,
344,500,15,hf500_lfx15,OK,0.0251393318176269,0.0197116881608963,0.0125754326581954
344,500,15,hf500_lfx15,BAD,,,
388,500,15,hf500_lfx15,OK,0.0248288251459598,0.0198738258332014,0.0134663172066211
388,500,15,hf500_lfx15,BAD,,,
250,500,15,hf500_lfx15,OK,0.0250488873571157,0.019578717648983,0.0128163276240229
250,500,15,hf500_lfx15,BAD,,,
230,500,15,hf500_lfx15,OK,0.0251109283417463,0.0197905711829662,0.0137150958180427
230,500,15,hf500_lfx15,BAD,,,
322,500,15,hf500_lfx15,OK,0.0247566625475883,0.0195800382643938,0.0131648508831858
322,500,15,hf500_lfx15,BAD,,,
290,500,15,hf500_lfx15,OK,0.0250674597918987,0.0197706427425146,0.0135265020653605
290,500,15,hf500_lfx15,BAD,,,
200,500,15,hf500_lfx15,OK,0.0249822605401277,0.0198047701269388,0.0131054054945707
200,500,15,hf500_lfx15,BAD,,,
333,500,15,hf500_lfx15,OK,0.0252169426530599,0.0193749237805604,0.0133069166913628
333,500,15,hf500_lfx15,BAD,,,
366,200,15,hf200_lfx15,OK,0.0340549014508724,0.0232056807726621,0.0147672221064567
366,200,15,hf200_lfx15,BAD,,,
300,200,15,hf200_lfx15,OK,0.0340488627552986,0.0233198460191488,0.0135621838271617
300,200,15,hf200_lfx15,BAD,,,
210,200,15,hf200_lfx15,OK,0.0338851287961006,0.0231442395597696,0.0125631606206297
210,200,15,hf200_lfx15,BAD,,,
220,200,15,hf200_lfx15,OK,0.0342871695756912,0.0232899859547615,0.0145536782220005
220,200,15,hf200_lfx15,BAD,,,
377,200,15,hf200_lfx15,OK,0.033783733844757,0.0233146231621503,0.0141157731413841
377,200,15,hf200_lfx15,BAD,,,
260,200,15,hf200_lfx15,OK,0.0337712801992893,0.0233515258878469,0.0139746274799108
260,200,15,hf200_lfx15,BAD,,,
240,200,15,hf200_lfx15,OK,0.0339758582413196,0.0229893177747726,0.013929353095591
240,200,15,hf200_lfx15,BAD,,,
355,200,15,hf200_lfx15,OK,0.0340994112193584,0.023346334695816,0.0152122406288981
355,200,15,hf200_lfx15,BAD,,,
311,200,15,hf200_lfx15,OK,0.0340789519250392,0.0231217127293348,0.014409433118999
311,200,15,hf200_lfx15,BAD,,,
280,200,15,hf200_lfx15,OK,0.0340711213648319,0.0229984652251005,0.0143644353374838
280,200,15,hf200_lfx15,BAD,,,
399,200,15,hf200_lfx15,OK,0.0339005403220653,0.0236441101878881,0.0135315302759408
399,200,15,hf200_lfx15,BAD,,,
270,200,15,hf200_lfx15,OK,0.0338228270411491,0.0232992395758628,0.0141137428581714
270,200,15,hf200_lfx15,BAD,,,
344,200,15,hf200_lfx15,OK,0.0338692292571067,0.0233596097677946,0.0146429697051644
344,200,15,hf200_lfx15,BAD,,,
388,200,15,hf200_lfx15,OK,0.0339933224022388,0.0230089258402586,0.0137757798656821
388,200,15,hf200_lfx15,BAD,,,
250,200,15,hf200_lfx15,OK,0.0340742096304893,0.0230869613587856,0.0143273873254656
250,200,15,hf200_lfx15,BAD,,,
230,200,15,hf200_lfx15,OK,0.0339022539556026,0.0232180673629045,0.0130027551203966
230,200,15,hf200_lfx15,BAD,,,
322,200,15,hf200_lfx15,OK,0.0342244133353233,0.0233417395502328,0.0147948833182454
322,200,15,hf200_lfx15,BAD,,,
290,200,15,hf200_lfx15,OK,0.0338284820318222,0.023250201717019,0.0145088750869035
290,200,15,hf200_lfx15,BAD,,,
200,200,15,hf200_lfx15,OK,0.0344218425452709,0.023415645584464,0.013118440285325
200,200,15,hf200_lfx15,BAD,,,
333,200,15,hf200_lfx15,OK,0.0340311639010906,0.0228655841201543,0.0160307195037603
333,200,15,hf200_lfx15,BAD,,,
