seed,dim,recon_rmse_hfval,y_rmse_test,nll_test_raw,coverage_test_raw,width_test_raw,historical_project_relative_report_path
42,2,0.029652709141373634,0.03944006562232971,-0.1464869375431781,0.6164000034332275,0.06632635742425919,result_out/fpca_dim_sweep_tm_outputs/seed_042/fpca_dim_002/fpca_dim002_seed42/report.json
55,2,0.029652709141373634,0.039045386016368866,-0.13099516577071632,0.6111999750137329,0.0646514743566513,result_out/fpca_dim_sweep_tm_outputs/seed_055/fpca_dim_002/fpca_dim002_seed55/report.json
66,2,0.029652709141373634,0.03888392075896263,-0.11112951367954246,0.6079999804496765,0.06547775119543076,result_out/fpca_dim_sweep_tm_outputs/seed_066/fpca_dim_002/fpca_dim002_seed66/report.json
77,2,0.029652709141373634,0.03949802368879318,0.044480830868001524,0.597000002861023,0.06381210684776306,result_out/fpca_dim_sweep_tm_outputs/seed_077/fpca_dim_002/fpca_dim002_seed77/report.json
88,2,0.029652709141373634,0.03950836509466171,-0.275610779589523,0.6164000034332275,0.06764940917491913,result_out/fpca_dim_sweep_tm_outputs/seed_088/fpca_dim_002/fpca_dim002_seed88/report.json
99,2,0.029652709141373634,0.03977436572313309,-0.29421800253948904,0.6367999911308289,0.06891711056232452,result_out/fpca_dim_sweep_tm_outputs/seed_099/fpca_dim_002/fpca_dim002_seed99/report.json
111,2,0.029652709141373634,0.038754720240831375,-0.4049413466381438,0.6586999893188477,0.06790631264448166,result_out/fpca_dim_sweep_tm_outputs/seed_111/fpca_dim_002/fpca_dim002_seed111/report.json
222,2,0.029652709141373634,0.03958367556333542,-0.3401343332368186,0.6168000102043152,0.06895681470632553,result_out/fpca_dim_sweep_tm_outputs/seed_222/fpca_dim_002/fpca_dim002_seed222/report.json
333,2,0.029652709141373634,0.03938610851764679,-0.10558252453249084,0.6029999852180481,0.06509791314601898,result_out/fpca_dim_sweep_tm_outputs/seed_333/fpca_dim_002/fpca_dim002_seed333/report.json
555,2,0.029652709141373634,0.03983836621046066,0.1923445370692462,0.5795000195503235,0.0630408227443695,result_out/fpca_dim_sweep_tm_outputs/seed_555/fpca_dim_002/fpca_dim002_seed555/report.json
42,4,0.008090157993137836,0.022355414927005768,-2.315233048335202,0.917900025844574,0.07434148341417313,result_out/fpca_dim_sweep_tm_outputs/seed_042/fpca_dim_004/fpca_dim004_seed42/report.json
55,4,0.008090157993137836,0.020771577954292297,-2.424846133098183,0.955299973487854,0.07411333918571472,result_out/fpca_dim_sweep_tm_outputs/seed_055/fpca_dim_004/fpca_dim004_seed55/report.json
66,4,0.008090157993137836,0.01991080492734909,-2.470733113357611,0.9455000162124634,0.07526153326034546,result_out/fpca_dim_sweep_tm_outputs/seed_066/fpca_dim_004/fpca_dim004_seed66/report.json
77,4,0.008090157993137836,0.023077012971043587,-2.293783627691252,0.9273999929428101,0.07679656147956848,result_out/fpca_dim_sweep_tm_outputs/seed_077/fpca_dim_004/fpca_dim004_seed77/report.json
88,4,0.008090157993137836,0.022306600585579872,-2.335230284234589,0.9431999921798706,0.07895400375127792,result_out/fpca_dim_sweep_tm_outputs/seed_088/fpca_dim_004/fpca_dim004_seed88/report.json
99,4,0.008090157993137836,0.021766630932688713,-2.375894001124376,0.9322999715805054,0.07809614390134811,result_out/fpca_dim_sweep_tm_outputs/seed_099/fpca_dim_004/fpca_dim004_seed99/report.json
111,4,0.008090157993137836,0.020395085215568542,-2.453830368766944,0.9419999718666077,0.07701591402292252,result_out/fpca_dim_sweep_tm_outputs/seed_111/fpca_dim_004/fpca_dim004_seed111/report.json
222,4,0.008090157993137836,0.020687639713287354,-2.4503615867739557,0.9383999705314636,0.0772266611456871,result_out/fpca_dim_sweep_tm_outputs/seed_222/fpca_dim_004/fpca_dim004_seed222/report.json
333,4,0.008090157993137836,0.020551927387714386,-2.438046713837299,0.9429000020027161,0.0750395730137825,result_out/fpca_dim_sweep_tm_outputs/seed_333/fpca_dim_004/fpca_dim004_seed333/report.json
555,4,0.008090157993137836,0.023654725402593613,-2.263118271088544,0.932200014591217,0.07740043848752975,result_out/fpca_dim_sweep_tm_outputs/seed_555/fpca_dim_004/fpca_dim004_seed555/report.json
42,6,0.002672999631613493,0.020682986825704575,-2.4459497052340224,0.9577000141143799,0.08104553073644638,result_out/fpca_dim_sweep_tm_outputs/seed_042/fpca_dim_006/fpca_dim006_seed42/report.json
55,6,0.002672999631613493,0.017920084297657013,-2.604301117823393,0.9846000075340271,0.07766114175319672,result_out/fpca_dim_sweep_tm_outputs/seed_055/fpca_dim_006/fpca_dim006_seed55/report.json
66,6,0.002672999631613493,0.018267624080181122,-2.5691265223563247,0.968500018119812,0.08007469028234482,result_out/fpca_dim_sweep_tm_outputs/seed_066/fpca_dim_006/fpca_dim006_seed66/report.json
77,6,0.002672999631613493,0.022872263565659523,-2.353026265736221,0.9327999949455261,0.08101135492324829,result_out/fpca_dim_sweep_tm_outputs/seed_077/fpca_dim_006/fpca_dim006_seed77/report.json
88,6,0.002672999631613493,0.021527403965592384,-2.395261028576562,0.9606999754905701,0.08138421922922134,result_out/fpca_dim_sweep_tm_outputs/seed_088/fpca_dim_006/fpca_dim006_seed88/report.json
99,6,0.002672999631613493,0.02029206044971943,-2.462656495881317,0.9713000059127808,0.08426640927791595,result_out/fpca_dim_sweep_tm_outputs/seed_099/fpca_dim_006/fpca_dim006_seed99/report.json
111,6,0.002672999631613493,0.019413666799664497,-2.5188411378246163,0.9641000032424927,0.0815814957022667,result_out/fpca_dim_sweep_tm_outputs/seed_111/fpca_dim_006/fpca_dim006_seed111/report.json
222,6,0.002672999631613493,0.019225649535655975,-2.5308150681092507,0.9602000117301941,0.08026139438152313,result_out/fpca_dim_sweep_tm_outputs/seed_222/fpca_dim_006/fpca_dim006_seed222/report.json
333,6,0.002672999631613493,0.018982209265232086,-2.5423749953188186,0.9609000086784363,0.07735393196344376,result_out/fpca_dim_sweep_tm_outputs/seed_333/fpca_dim_006/fpca_dim006_seed333/report.json
555,6,0.002672999631613493,0.02333887480199337,-2.2997949040665073,0.9521999955177307,0.0809355154633522,result_out/fpca_dim_sweep_tm_outputs/seed_555/fpca_dim_006/fpca_dim006_seed555/report.json
42,8,0.0013042999198660254,0.02039320394396782,-2.4515847985684567,0.9514999985694885,0.08116371929645538,result_out/fpca_dim_sweep_tm_outputs/seed_042/fpca_dim_008/fpca_dim008_seed42/report.json
55,8,0.0013042999198660254,0.017695913091301918,-2.608085493187222,0.9847999811172485,0.0779256820678711,result_out/fpca_dim_sweep_tm_outputs/seed_055/fpca_dim_008/fpca_dim008_seed55/report.json
66,8,0.0013042999198660254,0.017106665298342705,-2.5998989707825313,0.9742000102996826,0.08245144039392471,result_out/fpca_dim_sweep_tm_outputs/seed_066/fpca_dim_008/fpca_dim008_seed66/report.json
77,8,0.0013042999198660254,0.021077651530504227,-2.44072802370614,0.9470000267028809,0.08201197534799576,result_out/fpca_dim_sweep_tm_outputs/seed_077/fpca_dim_008/fpca_dim008_seed77/report.json
88,8,0.0013042999198660254,0.021493222564458847,-2.3828455583451342,0.9623000025749207,0.08228563517332077,result_out/fpca_dim_sweep_tm_outputs/seed_088/fpca_dim_008/fpca_dim008_seed88/report.json
99,8,0.0013042999198660254,0.019070446491241455,-2.518131951194342,0.9746000170707703,0.08332208544015884,result_out/fpca_dim_sweep_tm_outputs/seed_099/fpca_dim_008/fpca_dim008_seed99/report.json
111,8,0.0013042999198660254,0.019178863614797592,-2.5282284699841213,0.9674999713897705,0.08226265013217926,result_out/fpca_dim_sweep_tm_outputs/seed_111/fpca_dim_008/fpca_dim008_seed111/report.json
222,8,0.0013042999198660254,0.018994014710187912,-2.5264866486366335,0.9595999717712402,0.08183849602937698,result_out/fpca_dim_sweep_tm_outputs/seed_222/fpca_dim_008/fpca_dim008_seed222/report.json
333,8,0.0013042999198660254,0.01845850981771946,-2.555099507411909,0.9661999940872192,0.07786485552787781,result_out/fpca_dim_sweep_tm_outputs/seed_333/fpca_dim_008/fpca_dim008_seed333/report.json
555,8,0.0013042999198660254,0.021573320031166077,-2.3977492907375493,0.9538999795913696,0.08125914633274078,result_out/fpca_dim_sweep_tm_outputs/seed_555/fpca_dim_008/fpca_dim008_seed555/report.json
42,10,0.0001554180053062737,0.02019638940691948,-2.4645356553992444,0.9510999917984009,0.08282425254583359,result_out/fpca_dim_sweep_tm_outputs/seed_042/fpca_dim_010/fpca_dim010_seed42/report.json
55,10,0.0001554180053062737,0.01785300485789776,-2.5938925599476272,0.9851999878883362,0.08006040006875992,result_out/fpca_dim_sweep_tm_outputs/seed_055/fpca_dim_010/fpca_dim010_seed55/report.json
66,10,0.0001554180053062737,0.01751275360584259,-2.590077375946005,0.9718999862670898,0.08375966548919678,result_out/fpca_dim_sweep_tm_outputs/seed_066/fpca_dim_010/fpca_dim010_seed66/report.json
77,10,0.0001554180053062737,0.020705988630652428,-2.4541297056955966,0.9560999870300293,0.08449553698301315,result_out/fpca_dim_sweep_tm_outputs/seed_077/fpca_dim_010/fpca_dim010_seed77/report.json
88,10,0.0001554180053062737,0.019967220723628998,-2.4698292287626606,0.9743000268936157,0.08363119512796402,result_out/fpca_dim_sweep_tm_outputs/seed_088/fpca_dim_010/fpca_dim010_seed88/report.json
99,10,0.0001554180053062737,0.01867048628628254,-2.5354069876740932,0.9749000072479248,0.08388260751962662,result_out/fpca_dim_sweep_tm_outputs/seed_099/fpca_dim_010/fpca_dim010_seed99/report.json
111,10,0.0001554180053062737,0.019313884899020195,-2.5149497723073755,0.963100016117096,0.0825359970331192,result_out/fpca_dim_sweep_tm_outputs/seed_111/fpca_dim_010/fpca_dim010_seed111/report.json
222,10,0.0001554180053062737,0.018870433792471886,-2.5369237985220776,0.9501000046730042,0.07892729341983795,result_out/fpca_dim_sweep_tm_outputs/seed_222/fpca_dim_010/fpca_dim010_seed222/report.json
333,10,0.0001554180053062737,0.01731879636645317,-2.6109581788813645,0.9725000262260437,0.07956837117671967,result_out/fpca_dim_sweep_tm_outputs/seed_333/fpca_dim_010/fpca_dim010_seed333/report.json
555,10,0.0001554180053062737,0.02157732844352722,-2.403537985699074,0.9562000036239624,0.08299719542264938,result_out/fpca_dim_sweep_tm_outputs/seed_555/fpca_dim_010/fpca_dim010_seed555/report.json
42,12,2.0164014131296426e-05,0.020152661949396133,-2.473459386191489,0.9674999713897705,0.08564294129610062,result_out/fpca_dim_sweep_tm_outputs/seed_042/fpca_dim_012/fpca_dim012_seed42/report.json
55,12,2.0164014131296426e-05,0.018154222518205643,-2.5855061461666673,0.9692999720573425,0.07839377224445343,result_out/fpca_dim_sweep_tm_outputs/seed_055/fpca_dim_012/fpca_dim012_seed55/report.json
66,12,2.0164014131296426e-05,0.01687660999596119,-2.6186033098062262,0.9569000005722046,0.08190514147281647,result_out/fpca_dim_sweep_tm_outputs/seed_066/fpca_dim_012/fpca_dim012_seed66/report.json
77,12,2.0164014131296426e-05,0.02061527408659458,-2.4497217742549613,0.9610000252723694,0.08612668514251709,result_out/fpca_dim_sweep_tm_outputs/seed_077/fpca_dim_012/fpca_dim012_seed77/report.json
88,12,2.0164014131296426e-05,0.020037472248077393,-2.464295206035849,0.9796000123023987,0.08443818986415863,result_out/fpca_dim_sweep_tm_outputs/seed_088/fpca_dim_012/fpca_dim012_seed88/report.json
99,12,2.0164014131296426e-05,0.01923246681690216,-2.517674485320049,0.9667999744415283,0.08392520248889923,result_out/fpca_dim_sweep_tm_outputs/seed_099/fpca_dim_012/fpca_dim012_seed99/report.json
111,12,2.0164014131296426e-05,0.01942938007414341,-2.5153089622848963,0.9412000179290771,0.08154696226119995,result_out/fpca_dim_sweep_tm_outputs/seed_111/fpca_dim_012/fpca_dim012_seed111/report.json
222,12,2.0164014131296426e-05,0.019021397456526756,-2.5343209793962145,0.9524000287055969,0.08056651800870895,result_out/fpca_dim_sweep_tm_outputs/seed_222/fpca_dim_012/fpca_dim012_seed222/report.json
333,12,2.0164014131296426e-05,0.0174830574542284,-2.6075448788409874,0.9718000292778015,0.08134070783853531,result_out/fpca_dim_sweep_tm_outputs/seed_333/fpca_dim_012/fpca_dim012_seed333/report.json
555,12,2.0164014131296426e-05,0.02149111032485962,-2.4136276874641402,0.9531999826431274,0.08484267443418503,result_out/fpca_dim_sweep_tm_outputs/seed_555/fpca_dim_012/fpca_dim012_seed555/report.json
42,16,1.1790674761869013e-05,0.01958278939127922,-2.494112938893944,0.9739999771118164,0.08798766136169434,result_out/fpca_dim_sweep_tm_outputs/seed_042/fpca_dim_016/fpca_dim016_seed42/report.json
55,16,1.1790674761869013e-05,0.018370993435382843,-2.5750295069448037,0.9621000289916992,0.08161313831806183,result_out/fpca_dim_sweep_tm_outputs/seed_055/fpca_dim_016/fpca_dim016_seed55/report.json
66,16,1.1790674761869013e-05,0.017133302986621857,-2.6063881265628805,0.9632999897003174,0.08340511471033096,result_out/fpca_dim_sweep_tm_outputs/seed_066/fpca_dim_016/fpca_dim016_seed66/report.json
77,16,1.1790674761869013e-05,0.020190425217151642,-2.4640353546334532,0.9606999754905701,0.08951860666275024,result_out/fpca_dim_sweep_tm_outputs/seed_077/fpca_dim_016/fpca_dim016_seed77/report.json
88,16,1.1790674761869013e-05,0.019537964835762978,-2.4960186996528906,0.9638000130653381,0.08544142544269562,result_out/fpca_dim_sweep_tm_outputs/seed_088/fpca_dim_016/fpca_dim016_seed88/report.json
99,16,1.1790674761869013e-05,0.02081209048628807,-2.467688935880868,0.9557999968528748,0.08689384907484055,result_out/fpca_dim_sweep_tm_outputs/seed_099/fpca_dim_016/fpca_dim016_seed99/report.json
111,16,1.1790674761869013e-05,0.0202622227370739,-2.481234154061792,0.9539999961853027,0.08681231737136841,result_out/fpca_dim_sweep_tm_outputs/seed_111/fpca_dim_016/fpca_dim016_seed111/report.json
222,16,1.1790674761869013e-05,0.01880430243909359,-2.54420097236282,0.9503999948501587,0.08121982216835022,result_out/fpca_dim_sweep_tm_outputs/seed_222/fpca_dim_016/fpca_dim016_seed222/report.json
333,16,1.1790674761869013e-05,0.01684948056936264,-2.624355372343694,0.9847000241279602,0.08188777416944504,result_out/fpca_dim_sweep_tm_outputs/seed_333/fpca_dim_016/fpca_dim016_seed333/report.json
555,16,1.1790674761869013e-05,0.020915841683745384,-2.4458308385254335,0.9621999859809875,0.08508528769016266,result_out/fpca_dim_sweep_tm_outputs/seed_555/fpca_dim_016/fpca_dim016_seed555/report.json
42,24,1.1575433745747432e-05,0.02048337832093239,-2.449628402450284,0.9675999879837036,0.0886206328868866,result_out/fpca_dim_sweep_tm_outputs/seed_042/fpca_dim_024/fpca_dim024_seed42/report.json
55,24,1.1575433745747432e-05,0.019152620807290077,-2.514412145536942,0.970300018787384,0.08760778605937958,result_out/fpca_dim_sweep_tm_outputs/seed_055/fpca_dim_024/fpca_dim024_seed55/report.json
66,24,1.1575433745747432e-05,0.01777816191315651,-2.5653642770368497,0.9599999785423279,0.08663500100374222,result_out/fpca_dim_sweep_tm_outputs/seed_066/fpca_dim_024/fpca_dim024_seed66/report.json
77,24,1.1575433745747432e-05,0.02035205438733101,-2.439309871819407,0.9664000272750854,0.09458330273628235,result_out/fpca_dim_sweep_tm_outputs/seed_077/fpca_dim_024/fpca_dim024_seed77/report.json
88,24,1.1575433745747432e-05,0.019546089693903923,-2.493732634647662,0.9724000096321106,0.08962710946798325,result_out/fpca_dim_sweep_tm_outputs/seed_088/fpca_dim_024/fpca_dim024_seed88/report.json
99,24,1.1575433745747432e-05,0.020452257245779037,-2.4546838817733407,0.968999981880188,0.09334703534841537,result_out/fpca_dim_sweep_tm_outputs/seed_099/fpca_dim_024/fpca_dim024_seed99/report.json
111,24,1.1575433745747432e-05,0.020254381000995636,-2.477272391204956,0.9603999853134155,0.09017664939165115,result_out/fpca_dim_sweep_tm_outputs/seed_111/fpca_dim_024/fpca_dim024_seed111/report.json
222,24,1.1575433745747432e-05,0.01856948621571064,-2.5284779058592872,0.9629999995231628,0.08790389448404312,result_out/fpca_dim_sweep_tm_outputs/seed_222/fpca_dim_024/fpca_dim024_seed222/report.json
333,24,1.1575433745747432e-05,0.017164384946227074,-2.5945982518488275,0.98580002784729,0.08807805180549622,result_out/fpca_dim_sweep_tm_outputs/seed_333/fpca_dim_024/fpca_dim024_seed333/report.json
555,24,1.1575433745747432e-05,0.021270275115966797,-2.429941397065082,0.9635999798774719,0.09213746339082718,result_out/fpca_dim_sweep_tm_outputs/seed_555/fpca_dim_024/fpca_dim024_seed555/report.json
42,32,1.1301155609544367e-05,0.02067345753312111,-2.427627384781616,0.9639999866485596,0.09340262413024902,result_out/fpca_dim_sweep_tm_outputs/seed_042/fpca_dim_032/fpca_dim032_seed42/report.json
55,32,1.1301155609544367e-05,0.018660059198737144,-2.507262276876714,0.9765999913215637,0.09335656464099884,result_out/fpca_dim_sweep_tm_outputs/seed_055/fpca_dim_032/fpca_dim032_seed55/report.json
66,32,1.1301155609544367e-05,0.01823827438056469,-2.5181144468522327,0.964900016784668,0.0928255096077919,result_out/fpca_dim_sweep_tm_outputs/seed_066/fpca_dim_032/fpca_dim032_seed66/report.json
77,32,1.1301155609544367e-05,0.02074102871119976,-2.4128907681891456,0.9696000218391418,0.09858688712120056,result_out/fpca_dim_sweep_tm_outputs/seed_077/fpca_dim_032/fpca_dim032_seed77/report.json
88,32,1.1301155609544367e-05,0.020064087584614754,-2.464390034287602,0.9782000184059143,0.09331757575273514,result_out/fpca_dim_sweep_tm_outputs/seed_088/fpca_dim_032/fpca_dim032_seed88/report.json
99,32,1.1301155609544367e-05,0.02163928560912609,-2.4026318681258285,0.9660999774932861,0.09735216945409775,result_out/fpca_dim_sweep_tm_outputs/seed_099/fpca_dim_032/fpca_dim032_seed99/report.json
111,32,1.1301155609544367e-05,0.020571820437908173,-2.4566880644590423,0.9814000129699707,0.09331277757883072,result_out/fpca_dim_sweep_tm_outputs/seed_111/fpca_dim_032/fpca_dim032_seed111/report.json
222,32,1.1301155609544367e-05,0.018372921273112297,-2.5153353741792848,0.9659000039100647,0.09197338670492172,result_out/fpca_dim_sweep_tm_outputs/seed_222/fpca_dim_032/fpca_dim032_seed222/report.json
333,32,1.1301155609544367e-05,0.017413610592484474,-2.56072773531452,0.9848999977111816,0.09281142055988312,result_out/fpca_dim_sweep_tm_outputs/seed_333/fpca_dim_032/fpca_dim032_seed333/report.json
555,32,1.1301155609544367e-05,0.022145554423332214,-2.39426121968419,0.9663000106811523,0.09624148160219193,result_out/fpca_dim_sweep_tm_outputs/seed_555/fpca_dim_032/fpca_dim032_seed555/report.json
42,64,1.0536438821873162e-05,0.021979277953505516,-2.35420114442805,0.9710000157356262,0.10780864208936691,result_out/fpca_dim_sweep_tm_outputs/seed_042/fpca_dim_064/fpca_dim064_seed42/report.json
55,64,1.0536438821873162e-05,0.01962282322347164,-2.4213931583873083,0.9771000146865845,0.10752110928297043,result_out/fpca_dim_sweep_tm_outputs/seed_055/fpca_dim_064/fpca_dim064_seed55/report.json
66,64,1.0536438821873162e-05,0.01891459710896015,-2.450736409348694,0.9779999852180481,0.1054631695151329,result_out/fpca_dim_sweep_tm_outputs/seed_066/fpca_dim_064/fpca_dim064_seed66/report.json
77,64,1.0536438821873162e-05,0.021931253373622894,-2.3379767301619365,0.9739999771118164,0.11149968206882477,result_out/fpca_dim_sweep_tm_outputs/seed_077/fpca_dim_064/fpca_dim064_seed77/report.json
88,64,1.0536438821873162e-05,0.022651836276054382,-2.3360785600542853,0.9763000011444092,0.11052382737398148,result_out/fpca_dim_sweep_tm_outputs/seed_088/fpca_dim_064/fpca_dim064_seed88/report.json
99,64,1.0536438821873162e-05,0.022667311131954193,-2.3154331471728455,0.9688000082969666,0.11361530423164368,result_out/fpca_dim_sweep_tm_outputs/seed_099/fpca_dim_064/fpca_dim064_seed99/report.json
111,64,1.0536438821873162e-05,0.02175711654126644,-2.3836187021391297,0.9793999791145325,0.10605116188526154,result_out/fpca_dim_sweep_tm_outputs/seed_111/fpca_dim_064/fpca_dim064_seed111/report.json
222,64,1.0536438821873162e-05,0.019635308533906937,-2.42224689484187,0.9761000275611877,0.10632724314928055,result_out/fpca_dim_sweep_tm_outputs/seed_222/fpca_dim_064/fpca_dim064_seed222/report.json
333,64,1.0536438821873162e-05,0.019140178337693214,-2.4331316691765017,0.984000027179718,0.1091376468539238,result_out/fpca_dim_sweep_tm_outputs/seed_333/fpca_dim_064/fpca_dim064_seed333/report.json
555,64,1.0536438821873162e-05,0.024020206183195114,-2.2934725206292303,0.96670001745224,0.1119246557354927,result_out/fpca_dim_sweep_tm_outputs/seed_555/fpca_dim_064/fpca_dim064_seed555/report.json
